time_h,centre_T_C,surface_T_C
0.0,28.0,28.0
0.016666666666666666,28.000000030452554,28.058072208799217
0.027777777777777776,28.000011945447454,28.131755841112977
0.03333333333333333,28.000060631186216,28.17658642869651
0.05,28.001160919059373,28.315699267639786
0.06666666666666667,28.006261929373522,28.453696581139923
0.08333333333333333,28.01906996338431,28.644879759800972
0.1,28.042169615812384,28.84261157855792
0.11666666666666667,28.07729751233495,29.04950963839093
0.13333333333333333,28.12620864253188,29.24406434775142
0.15,28.189769640505062,29.46638620082939
0.16666666666666666,28.267806707104796,29.69904579182321
0.18333333333333332,28.359639854839372,29.961231248921592
0.2,28.465036616198915,30.215840040809667
0.21666666666666667,28.584111032059354,30.481563571349852
0.23333333333333334,28.71700354234173,30.737876515180744
0.25,28.863268972544404,30.992727637164535
0.26666666666666666,29.022094561484607,31.272420208016513
0.2833333333333333,29.19224845325965,31.536006387528403
0.3,29.37278461281454,31.839385900602565
0.31666666666666665,29.563135951054846,32.135125544333334
0.3333333333333333,29.7628938165127,32.433923806971734
0.35,29.97221696373458,32.71590311701908
0.36666666666666664,30.190820976528244,33.03082407091142
0.38333333333333336,30.4179064667249,33.34138606433669
0.4,30.65271067326364,33.64179623096118
0.4166666666666667,30.895126906946302,33.91568406581848
0.43333333333333335,31.14465262508213,34.21080760041639
0.45,31.39999432723522,34.49026619732382
0.4666666666666667,31.659727847388524,34.77889988518348
0.48333333333333334,31.923036519395453,35.097801133678786
0.5,32.18924465085695,35.41302049753887
0.5166666666666667,32.458499260289386,35.73063699108053
0.5333333333333333,32.731547543136855,36.00838835103582
0.55,33.00870641906795,36.29027293297122
0.5666666666666667,33.28934354331801,36.58243589468799
0.5833333333333334,33.571975661071804,36.858024319579386
0.6,33.85571139395398,37.13101854138364
0.6166666666666667,34.140067675398086,37.42484893077307
0.6333333333333333,34.424402980676746,37.700317119492695
0.65,34.708540292321345,37.995814128748634
0.6666666666666666,34.99266841737983,38.2724190549759
0.6833333333333333,35.276853867674106,38.564251410022166
0.7,35.56125977655546,38.8417258930661
0.7166666666666667,35.84581654899404,39.090101410294835
0.7333333333333333,36.130496428621996,39.36919651972494
0.75,36.414549949018976,39.64156929292244
0.7666666666666667,36.697252750581185,39.88040438965038
0.7833333333333333,36.9787771692329,40.11430359027594
0.8,37.258741880360105,40.37401002725426
0.8166666666666667,37.53605572270101,40.59647350926065
0.8333333333333334,37.810319195965576,40.82110986817946
0.85,38.08152495652001,41.03756317306335
0.8666666666666667,38.34903863038613,41.29912779231381
0.8833333333333333,38.61247075268079,41.542095371865855
0.9,38.87235651010843,41.773316911158815
0.9166666666666666,39.13000205371054,42.00293455862686
0.9333333333333333,39.385789529178965,42.20649376820052
0.95,39.639513224159145,42.4149496829059
0.9666666666666667,39.89059105820962,42.59687362480474
0.9833333333333333,40.13818706091695,42.778884492944826
1.0,40.38156673022297,42.997608188597496
1.0166666666666666,40.619938149924565,43.194800131355066
1.0333333333333334,40.85361138286453,43.38832387999912
1.05,41.08361770750366,43.58943667460625
1.0666666666666667,41.310281408026924,43.77388085345484
1.0833333333333333,41.53381792120956,43.947307670598434
1.1,41.754356119480406,44.11906808712331
1.1166666666666667,41.97150928139962,44.272563897494365
1.1333333333333333,42.1847949361491,44.40978120021185
1.15,42.39370391005775,44.577012972337116
1.1666666666666667,42.597451431859724,44.72697647470915
1.1833333333333333,42.795866728157534,44.883782118317356
1.2,42.98957267003345,45.06422021425209
1.2166666666666666,43.179009325086724,45.19304247483234
1.2333333333333334,43.36506717367115,45.308450657224
1.25,43.548103966035114,45.445384565124186
1.2666666666666666,43.72696046061907,45.58146187446346
1.2833333333333334,43.9009641081293,45.73484288682738
1.3,44.07054113651185,45.871936669506965
1.3166666666666667,44.236559592140964,46.014580902172895
1.3333333333333333,44.3998443339072,46.14254365689027
1.35,44.560681228667306,46.24832637052117
1.3666666666666667,44.71908503967461,46.38108105207192
1.3833333333333333,44.87442883377457,46.46789546713103
1.4,45.026284782221296,46.54685503351351
1.4166666666666667,45.17437026577767,46.639817113474464
1.4333333333333333,45.317499435707646,46.7745024096248
1.45,45.45518868810143,46.880643872973906
1.4666666666666666,45.58857657106307,46.95839061541403
1.4833333333333334,45.71915044618214,47.061697262123175
1.5,45.84675506019789,47.140050004863326
1.5166666666666666,45.97094393667544,47.25169116600176
1.5333333333333334,46.09177861545646,47.34122905671683
1.55,46.20952189692497,47.41957158248613
1.5666666666666667,46.324834063938795,47.49356138759765
1.5833333333333333,46.43751228784902,47.58907209621094
1.6,46.54710496150193,47.661541005458105
1.6166666666666667,46.65373748078781,47.71308184503022
1.6333333333333333,46.75773536730475,47.77249719905598
1.65,46.85847737665131,47.889711277693834
1.6666666666666667,46.95535843296602,47.9886811555408
1.6833333333333333,47.04950563565558,48.05781670194591
1.7,47.14291556249162,48.09646428473877
1.7166666666666666,47.23578115371214,48.18794067020184
1.7333333333333334,47.32673864710614,48.26160221823244
1.75,47.41518103848546,48.321606307615696
1.7666666666666666,47.50190549800482,48.3638716723886
1.7833333333333334,47.58688960229398,48.39823600206972
1.8,47.66936779514538,48.427627650542036
1.8166666666666667,47.7483299822278,48.51604498333052
1.8333333333333333,47.82315095384013,48.565389057729476
1.85,47.89472393619661,48.5906888886816
1.8666666666666667,47.964510549390866,48.63044997131186
1.8833333333333333,48.03205049495085,48.69083706914148
1.9,48.096668708348716,48.718659878987694
1.9166666666666667,48.1588340245865,48.79178169727993
1.9333333333333333,48.2189949147716,48.851691230721144
1.95,48.27758758293169,48.89788027586661
1.9666666666666666,48.33574924878593,48.92303781540784
1.9833333333333334,48.39357275270771,48.96435758183861
2.0,48.45023540182444,49.00332482382447
2.0166666666666666,48.50503793531573,49.04385731661944
2.033333333333333,48.55805921115302,49.044914969397894
2.05,48.60942253580919,49.075473296900384
2.066666666666667,48.658531923681096,49.084982634979724
2.0833333333333335,48.70467279837692,49.12710643421116
2.1,48.74793573967867,49.15651652673273
2.1166666666666667,48.78875194091023,49.1688173607746
2.1333333333333333,48.828025141343915,49.182419475769166
2.15,48.86569363271656,49.23218148758605
2.1666666666666665,48.90134918560835,49.24696409892141
2.183333333333333,48.935578045363116,49.310020918247744
2.2,48.969140863473854,49.34169182991451
2.216666666666667,49.00260595416961,49.349313854230104
2.2333333333333334,49.03675371178883,49.379149352153206
2.25,49.07071990894565,49.37044534691336
2.2666666666666666,49.10365132448743,49.4304941207842
2.283333333333333,49.13499650457942,49.45165389624799
2.3,49.165033143201754,49.48535893545437
2.316666666666667,49.19498567473374,49.4707923421804
2.3333333333333335,49.22480792400984,49.49015595223415
2.35,49.25364358312163,49.51430444514261
2.3666666666666667,49.28052612514534,49.563718582517765
2.3833333333333333,49.30605884091125,49.57880633379813
2.4,49.33142991119985,49.58386293008772
2.4166666666666665,49.35719557169011,49.58037790771209
2.433333333333333,49.38242752442204,49.58718771188853
2.45,49.40606328856296,49.61025981681365
2.466666666666667,49.4276538837226,49.62444600010991
2.4833333333333334,49.44775170749887,49.607817764668255
2.5,49.466980624843586,49.66090886937201
2.5166666666666666,49.484929762641684,49.710235991096
2.533333333333333,49.502146715673916,49.69034637259489
2.55,49.520640981742645,49.70600282379064
2.566666666666667,49.53992687090596,49.69567309554941
2.5833333333333335,49.558411208252664,49.72672466899945
2.6,49.57559164690434,49.72824972074824
2.6166666666666667,49.59161348795891,49.7534277509954
2.6333333333333333,49.60711937540589,49.78127626861544
2.65,49.62231324967212,49.80403255988023
2.6666666666666665,49.63795117080099,49.77687605447903
2.683333333333333,49.65429494794114,49.81493361877199
2.7,49.67021802043536,49.802799242975254
2.716666666666667,49.68514503881221,49.77689970731882
2.7333333333333334,49.69936375510281,49.80052051586023
2.75,49.71159781374621,49.808417848224735
2.7666666666666666,49.721932929172226,49.84343033960181
2.783333333333333,49.73163891926134,49.86989768577553
2.8,49.7417521457902,49.85326870450314
2.816666666666667,49.753177695611896,49.88700745874968
2.8333333333333335,49.76513850212484,49.871273321645674
2.85,49.777017438035045,49.872688566692716
2.8666666666666667,49.788676969936034,49.86210179023698
2.8833333333333333,49.7991736792776,49.901836950795484
2.9,49.80829321680483,49.87995366234611
2.9166666666666665,49.81684026459283,49.851628111018385
2.933333333333333,49.825152467076634,49.86522398208473
2.95,49.83165813050158,49.91615353540311
2.966666666666667,49.8364492581058,49.943727879662674
2.9833333333333334,49.8418232363656,49.949977667021926
3.0,49.84949560607964,49.966412394785834
3.0166666666666666,49.85902729998651,49.981569952003156
3.033333333333333,49.86958080717278,49.966901844505344
3.05,49.88080025138328,49.94369237233565
3.066666666666667,49.891690329256335,49.96349970707905
3.0833333333333335,49.90078810021453,49.973065667908486
3.1,49.90824893843234,49.95709028206147
3.1166666666666667,49.91521695438871,49.927198785468306
3.1333333333333333,49.9214125917519,49.95472982062205
3.15,49.92571241438435,49.94319133791305
3.1666666666666665,49.928584005215214,49.977855719834
3.183333333333333,49.93115013546702,49.957361489627715
3.2,49.93404646066324,49.92951446145992
3.216666666666667,49.93733836182457,49.965438152912895
3.2333333333333334,49.939452720525026,49.944739712644946
3.25,49.94085645285884,49.92615995304334
3.2666666666666666,49.942241785497174,49.94773980634682
3.283333333333333,49.942595699467574,49.98305655617537
3.3,49.942493095483485,49.95681743120326
3.316666666666667,49.943667737570195,49.94385303632549
3.3333333333333335,49.945792114789356,49.973615504191514
3.35,49.947264057194616,50.0087663210723
3.3666666666666667,49.94874018505368,49.99685276410429
3.3833333333333333,49.95191411829177,49.961522298295506
3.4,49.956440182813196,49.93106299649804
3.4166666666666665,49.959989045508905,49.928077312409926
3.433333333333333,49.96085553927088,49.91987897868523
3.45,49.95925049861506,49.95106091237989
3.466666666666667,49.95630274137875,49.933472096651656
3.4833333333333334,49.95351436974079,49.94375882944263
3.5,49.95149515140599,49.96869102528552
3.5166666666666666,49.949886286537094,49.97571706966727
3.533333333333333,49.94954454952108,49.95154280670687
3.55,49.95072634201904,49.97903604395174
3.566666666666667,49.95222611981649,49.9959414960166
3.5833333333333335,49.95384712205134,50.00545987608467
3.6,49.956682925292455,49.96919638566112
3.6166666666666667,49.9606583691384,49.9430284399578
3.6333333333333333,49.964139361708305,49.98803958361822
3.65,49.965442332535076,49.982228380404365
3.6666666666666665,49.96598764140367,49.964413855739565
3.683333333333333,49.967267222455064,49.969302753858756
3.7,49.96828916392565,49.986772136887396
3.716666666666667,49.968754264153176,50.0194911539607
3.7333333333333334,49.96962402502828,49.99265032961108
3.75,49.97204396580776,50.01820580144897
3.7666666666666666,49.97539720745573,49.97637170870189
3.783333333333333,49.97880926312456,49.98114155521256
3.8,49.981528707514826,49.9975150904811
3.816666666666667,49.982697151098535,49.966628934468076
3.8333333333333335,49.98349572157639,49.945997116413025
3.85,49.98364473504637,49.95589840685017
3.8666666666666667,49.982020490683226,50.00293471958145
3.8833333333333333,49.97940977170441,50.006641571416765
3.9,49.97817824401437,50.02972849054157
3.9166666666666665,49.97936266871562,50.03986633266311
3.933333333333333,49.982528311869146,50.02050241867488
3.95,49.987327157317,50.03187146479769
3.966666666666667,49.99235562894239,49.986726533169076
3.9833333333333334,49.996737787064774,49.959342962062465
4.0,49.999391449529014,49.99944311355773
