文件,字节数,SHA256,原工作区来源,性质
00_可用于论文附录的支撑清单.md,1798,58d3a9f3df2a9bce70b82d5bc6109d36f98a55cf63d5eb5de359d9f6bec5fdf2,见所属目录来源清单或为本次新编说明,资料、程序或说明，详见目录索引
00_支撑材料总说明.md,4662,25d7cab51fd2f6a85f9fb88f4c54da5168b1a3a9821948dfb6335d51b0d38af7,见所属目录来源清单或为本次新编说明,资料、程序或说明，详见目录索引
00_整理验收说明.md,4111,9a7150df950c64aa5db89d509cecf47dcff4fad960193cf6934332b972c2f2bb,见所属目录来源清单或为本次新编说明,资料、程序或说明，详见目录索引
00_材料来源记录.json,209807,2dc6a73c2e57ba11afd19a6fbdbbc5fdda75dab7712758a87c75edf5f493a809,见所属目录来源清单或为本次新编说明,资料、程序或说明，详见目录索引
01_赛题与原始数据/A题.pdf,553320,052d8014bff5727c019b72e44fdffaf5c145ce04050dd938baaf3527db331736,problem_files/CUMCM2026Problems/A题/A题.pdf,官方原始输入；原件不改动
01_赛题与原始数据/数据说明.md,998,52bb9d204567d28dec9d52bf4af055d650921bcba05e7e046ca21a46843fa2ea,见所属目录来源清单或为本次新编说明,资料、程序或说明，详见目录索引
01_赛题与原始数据/清洗后数据/A_environment_observed.csv,10125,e4994c5cb38e4433afc927de72500bbdd15315b203e7997ba59fc6c9dfab9af0,paper_output/data_cleaned/A_environment_observed.csv,实际数值输入或清洗审计
01_赛题与原始数据/清洗后数据/A_radius_observed.csv,3522,bbb5b0aac31ede1173521183d81e8d55b7ed1012e1869fbb3eef50166801470c,paper_output/data_cleaned/A_radius_observed.csv,实际数值输入或清洗审计
01_赛题与原始数据/清洗后数据/load_report.json,8196,7e2f4485a1939784096e2d5e990778020daa85b7a32a0cdf7bcdeb73ee93dddf,paper_output/data_cleaned/load_report.json,实际数值输入或清洗审计
01_赛题与原始数据/附件/附件1.xlsx,16586,7ef32870abeef420b89560b2530ff60dfe4255917805151d89988d0311af9dd7,problem_files/CUMCM2026Problems/A题/附件/附件1.xlsx,官方原始输入；原件不改动
01_赛题与原始数据/附件/附件2.xlsx,11485,5563acbfa4b4afb10cc6c03e2207e5369bf39da27576672aff14cc5c32e704af,problem_files/CUMCM2026Problems/A题/附件/附件2.xlsx,官方原始输入；原件不改动
01_赛题与原始数据/附件/附件3/result1.xlsx,10073,23b261b295c1b787d000eebbca6521c37075107b6fcf78724f8d395ce1798ff4,problem_files/CUMCM2026Problems/A题/附件/附件3/result1.xlsx,官方原始输入；原件不改动
01_赛题与原始数据/附件/附件3/result2.xlsx,10073,23b261b295c1b787d000eebbca6521c37075107b6fcf78724f8d395ce1798ff4,problem_files/CUMCM2026Problems/A题/附件/附件3/result2.xlsx,官方原始输入；原件不改动
01_赛题与原始数据/附件/附件3/result3.xlsx,9345,07e4793d620a7f899804c0298d49a16a197960440fd47f8bb780c57ec27e2859,problem_files/CUMCM2026Problems/A题/附件/附件3/result3.xlsx,官方原始输入；原件不改动
01_赛题与原始数据/附件/附件3/result4.xlsx,9351,86e9300ffa3d30c43de895ea6723da943e85b8740b137bcae5af7107f076eeac,problem_files/CUMCM2026Problems/A题/附件/附件3/result4.xlsx,官方原始输入；原件不改动
02_参考文献与网络资料/01_王乐意2024/刊方书目与摘要_原始网页.html,51166,ef8c6f7407895616ab5af7919bff98ab54143a3149f3ef2e6562965d51d8f40e,见所属目录来源清单或为本次新编说明,资料、程序或说明，详见目录索引
02_参考文献与网络资料/01_王乐意2024/刊方书目与摘要_原始网页_离线文本.html,15209,b24fa49488f3c5eb5bbcec964149ad22ba6c7f59b3bda93d59bc4eba6e15d7f3,见所属目录来源清单或为本次新编说明,资料、程序或说明，详见目录索引
02_参考文献与网络资料/01_王乐意2024/刊方全文_28页.pdf,1904169,4beca0c77feeb6836fa9cc0fb46222fff9d16889237a07bb34de2b48e071700d,见所属目录来源清单或为本次新编说明,资料、程序或说明，详见目录索引
02_参考文献与网络资料/01_王乐意2024/资料说明.md,1178,67308f62fbad2db56f71971fb048a9876e2c39bac4246f5dc8428d76a2a9eba5,见所属目录来源清单或为本次新编说明,资料、程序或说明，详见目录索引
02_参考文献与网络资料/02_王晓辉2023/PubMed_书目与英文摘要_原始XML.xml,6851,aeae735b2a038b59f606ace24f60490c845439bb3446437d318478d45564658a,见所属目录来源清单或为本次新编说明,资料、程序或说明，详见目录索引
02_参考文献与网络资料/02_王晓辉2023/资料说明.md,1123,e3aaa87d351643f356fd406bbee52774b9292fd57862e17ad8a4d6925f98dd5f,见所属目录来源清单或为本次新编说明,资料、程序或说明，详见目录索引
02_参考文献与网络资料/03_Mujumdar2014/Crossref_原始书目.json,1348,7cbbcdb0bf6f61005fec9ff64a6baefedfa271af1ad08b5f9559eb96df5a5000,见所属目录来源清单或为本次新编说明,资料、程序或说明，详见目录索引
02_参考文献与网络资料/03_Mujumdar2014/公开预览节选_题名版权与正文13至15页.pdf,1092802,e4dc718fa3c5a2efa00178f6e934bb636e98a3f2bc65c4ed605a6767a0043cf2,见所属目录来源清单或为本次新编说明,资料、程序或说明，详见目录索引
02_参考文献与网络资料/03_Mujumdar2014/资料说明.md,1344,e8b9993a9c8967e048794674baca110d22d7a0ba2910bd450b11655198581a6a,见所属目录来源清单或为本次新编说明,资料、程序或说明，详见目录索引
02_参考文献与网络资料/04_Crank1975/官方馆藏书目核验.md,1222,c7b61fc12c80206d531d6d5f9fb2cc2239723422ed66ca3e9d55287c37b7d898,见所属目录来源清单或为本次新编说明,资料、程序或说明，详见目录索引
02_参考文献与网络资料/04_Crank1975/资料说明.md,1301,8927f3b8f37ff1a72fd46f246b8a5093a32e5323ad11cf14deb7d3381d4153ee,见所属目录来源清单或为本次新编说明,资料、程序或说明，详见目录索引
02_参考文献与网络资料/05_Eymard2000/Crossref_原始书目.json,41280,c661a43705f091a6a56b92abf38b9ea4bc644ac7093d305e88a9dc6df1f47ffa,见所属目录来源清单或为本次新编说明,资料、程序或说明，详见目录索引
02_参考文献与网络资料/05_Eymard2000/作者完整更新稿_2019_254页.pdf,1999078,ca82f25367c9ec82f89a3aa6878525c2142f2fb287fc53ad93a75ae4cd177b7f,见所属目录来源清单或为本次新编说明,资料、程序或说明，详见目录索引
02_参考文献与网络资料/05_Eymard2000/资料说明.md,1340,3a77611d46a558569c3be989a3bd798dc5fa6fdf1dc669f9a5c879be512cdcae,见所属目录来源清单或为本次新编说明,资料、程序或说明，详见目录索引
02_参考文献与网络资料/06_Byrne1975/Crossref_原始书目.json,12226,a001d92679c295fcac99ab0fc085a23d938d2825324216c391fafeaa17e86327,见所属目录来源清单或为本次新编说明,资料、程序或说明，详见目录索引
02_参考文献与网络资料/06_Byrne1975/SUNDIALS_官方书目交叉核对.html,64723,f648e4c559e791c8b6d056a95b46aa63d46419ce9258f1e3397c618409993511,见所属目录来源清单或为本次新编说明,资料、程序或说明，详见目录索引
02_参考文献与网络资料/06_Byrne1975/SUNDIALS_官方书目交叉核对_离线文本.html,41460,59c1d02d17edd679cd1fc0f30ed44f607221c4f10ba1ac1c3bed1e38b6be1c36,见所属目录来源清单或为本次新编说明,资料、程序或说明，详见目录索引
02_参考文献与网络资料/06_Byrne1975/资料说明.md,1368,66f8633c0971142c7ca978a33bf4d79f637b6bb1aadf1e9731917393a1f25c72,见所属目录来源清单或为本次新编说明,资料、程序或说明，详见目录索引
02_参考文献与网络资料/07_SciPy_BDF/BDF_官方完整API网页.html,37441,ae3874a85175cf32901640d7da4ce337394d123d62b8d9eaab9ea0fb0e5751df,见所属目录来源清单或为本次新编说明,资料、程序或说明，详见目录索引
02_参考文献与网络资料/07_SciPy_BDF/BDF_官方完整API网页_离线文本.html,12617,8d5446c87f86e2e1ab0b2a01506ab558305c8c155e27d4513a504434316a88ce,见所属目录来源清单或为本次新编说明,资料、程序或说明，详见目录索引
02_参考文献与网络资料/07_SciPy_BDF/资料说明.md,936,9c60ced4326dd52bf4b0cbba7809dc36139175d17ef3eae7bf13c6f214f3c016,见所属目录来源清单或为本次新编说明,资料、程序或说明，详见目录索引
02_参考文献与网络资料/08_实际使用的补充网络资料/FAO_干燥原理_官方网页.html,29741,d86eaaadb28e545d1eec58217f72af843c7993d0b718930a990e929a7e88ece4,见所属目录来源清单或为本次新编说明,资料、程序或说明，详见目录索引
02_参考文献与网络资料/08_实际使用的补充网络资料/FAO_干燥原理_官方网页_离线文本.html,22618,2ba69c413a81b36949ff695e6ea96a1075ac60421d3a5d41df24322367a539f2,见所属目录来源清单或为本次新编说明,资料、程序或说明，详见目录索引
02_参考文献与网络资料/08_实际使用的补充网络资料/SciPy_solve_ivp_官方API网页.html,77794,1239f89c6cd44f9342dc19fe24bf7b18eee066efa2159e58c462174f3ce4dfc7,见所属目录来源清单或为本次新编说明,资料、程序或说明，详见目录索引
02_参考文献与网络资料/08_实际使用的补充网络资料/SciPy_solve_ivp_官方API网页_离线文本.html,39050,30d483f93a6c7f4f2b926b25b6ca802967682a6adc977e7d1b2318109546c5d0,见所属目录来源清单或为本次新编说明,资料、程序或说明，详见目录索引
02_参考文献与网络资料/08_实际使用的补充网络资料/Shampine1997_BYU原始扫描_35页.pdf,1974378,6dc922d1df01c6dc866a46aef45db5b8e5bfb49d13049b20153ea3247f1814b2,见所属目录来源清单或为本次新编说明,资料、程序或说明，详见目录索引
02_参考文献与网络资料/08_实际使用的补充网络资料/Shampine1997_Crossref书目.json,8422,20f1d56964c6df13f9d2fbbe1e134f4ceb4e1e84e934a37f964257904e3cea98,见所属目录来源清单或为本次新编说明,资料、程序或说明，详见目录索引
02_参考文献与网络资料/08_实际使用的补充网络资料/补充资料说明.md,1451,6a504e460ef35121c283f800a5732fff1137c97226270df8974404646984652d,见所属目录来源清单或为本次新编说明,资料、程序或说明，详见目录索引
02_参考文献与网络资料/README_文献与网络资料索引.md,3237,fb49fe288202492442ef20592fd83b990389dc3caaee9805d1a52700dc9e0576,见所属目录来源清单或为本次新编说明,资料、程序或说明，详见目录索引
02_参考文献与网络资料/文件SHA256清单.csv,4102,b9372b5c083b47ac5e7c77d1bc45deaccade6f32e726ca2a7bd5f5ca6716d9b8,见所属目录来源清单或为本次新编说明,资料、程序或说明，详见目录索引
02_参考文献与网络资料/来源清单.csv,10351,aa56d1ede9c4aef2957223d2691acf824c420e8c7862e59b86071b2fde75164b,见所属目录来源清单或为本次新编说明,资料、程序或说明，详见目录索引
02_参考文献与网络资料/来源清单.json,15562,b90385f001475c80e2332fd3cde13cb0cc3c749db9c36647125d67bac3757d97,见所属目录来源清单或为本次新编说明,资料、程序或说明，详见目录索引
02_参考文献与网络资料/正文七条参考文献.bib,2200,9e05df07f81e48d245dd33d4b5bbe22b55f795f5f420ce1f6772c66475315b9a,见所属目录来源清单或为本次新编说明,资料、程序或说明，详见目录索引
02_参考文献与网络资料/正文七条参考文献.txt,1151,9c4e06a93711bc7c1a13eef06ccb4423655ac30b68b59d7e9409fb3cbf04ca75,见所属目录来源清单或为本次新编说明,资料、程序或说明，详见目录索引
02_参考文献与网络资料/正文文献核实与用途.json,9581,c0f031a461d3fd6a4872ae25b3817670b92bb564070c1bf453031de881bd8481,见所属目录来源清单或为本次新编说明,资料、程序或说明，详见目录索引
03_程序代码/A_CodeReview.pyproj,1474,6c8d6055d8772cb6c72b582fb4fe519a94302356eafa2f8d575cd541756d91f2,见所属目录来源清单或为本次新编说明,资料、程序或说明，详见目录索引
03_程序代码/A_CodeReview.sln,838,e67be5bcd3148cae5209d364439a60d2da493fbc342e45bf18f4ab8c670faf4f,见所属目录来源清单或为本次新编说明,资料、程序或说明，详见目录索引
03_程序代码/analyticJacobian.py,17819,10cf75e95bc57383c52b540575c9d4e51548a4f6d2227ea7f9446a32f010d7bb,见所属目录来源清单或为本次新编说明,资料、程序或说明，详见目录索引
03_程序代码/diskDense.py,5682,85fe836269d343dec2ced585ee25d4a052bfdf2376fae06d051e89fa91fab1b1,见所属目录来源清单或为本次新编说明,资料、程序或说明，详见目录索引
03_程序代码/docs/portable_paths.diff,9346,94822fa3c793ffa899bc9c13ded72abaea04d9a08857edc1671712d2afb500fc,见所属目录来源清单或为本次新编说明,资料、程序或说明，详见目录索引
03_程序代码/docs/source_changes.json,7948,9b7129433837e7383ab2fd4e95c7c6fb006f923f59286d7ba21c65126ae9a7a0,见所属目录来源清单或为本次新编说明,资料、程序或说明，详见目录索引
03_程序代码/docs/validation_summary.json,28905,071e5d67ca5d682d11f5b51bc5f76b9c0f1ad6d55b150a1ed802abb9e5be0dea,见所属目录来源清单或为本次新编说明,资料、程序或说明，详见目录索引
03_程序代码/docs/运行验收说明.md,1931,ae45cbf4d44c46198d1ddc1c137b09d6a0e67a1705176ed5feec31f3ecbe97a8,见所属目录来源清单或为本次新编说明,资料、程序或说明，详见目录索引
03_程序代码/dryingCore.py,21922,4d332f1a2d6e69ceb1247f74bacfca1132681ba70f5882bccdebb45432afa6cb,见所属目录来源清单或为本次新编说明,资料、程序或说明，详见目录索引
03_程序代码/exportOutputs.py,42740,2af8119529f23c16784cf41c82883b06932615b1bd72211fe269069ded4a4ef4,见所属目录来源清单或为本次新编说明,资料、程序或说明，详见目录索引
03_程序代码/input_manifest.json,2991,71bed68aa6bd48ec5d05603da4288e901a47e9bf621f044453319cb83d99cb01,见所属目录来源清单或为本次新编说明,资料、程序或说明，详见目录索引
03_程序代码/inputs/cleaned/A_environment_observed.csv,10125,e4994c5cb38e4433afc927de72500bbdd15315b203e7997ba59fc6c9dfab9af0,见所属目录来源清单或为本次新编说明,资料、程序或说明，详见目录索引
03_程序代码/inputs/cleaned/A_radius_observed.csv,3522,bbb5b0aac31ede1173521183d81e8d55b7ed1012e1869fbb3eef50166801470c,见所属目录来源清单或为本次新编说明,资料、程序或说明，详见目录索引
03_程序代码/inputs/original/附件1.xlsx,16586,7ef32870abeef420b89560b2530ff60dfe4255917805151d89988d0311af9dd7,见所属目录来源清单或为本次新编说明,资料、程序或说明，详见目录索引
03_程序代码/inputs/original/附件2.xlsx,11485,5563acbfa4b4afb10cc6c03e2207e5369bf39da27576672aff14cc5c32e704af,见所属目录来源清单或为本次新编说明,资料、程序或说明，详见目录索引
03_程序代码/inputs/templates/result1.xlsx,10073,23b261b295c1b787d000eebbca6521c37075107b6fcf78724f8d395ce1798ff4,见所属目录来源清单或为本次新编说明,资料、程序或说明，详见目录索引
03_程序代码/inputs/templates/result2.xlsx,10073,23b261b295c1b787d000eebbca6521c37075107b6fcf78724f8d395ce1798ff4,见所属目录来源清单或为本次新编说明,资料、程序或说明，详见目录索引
03_程序代码/inputs/templates/result3.xlsx,9345,07e4793d620a7f899804c0298d49a16a197960440fd47f8bb780c57ec27e2859,见所属目录来源清单或为本次新编说明,资料、程序或说明，详见目录索引
03_程序代码/inputs/templates/result4.xlsx,9351,86e9300ffa3d30c43de895ea6723da943e85b8740b137bcae5af7107f076eeac,见所属目录来源清单或为本次新编说明,资料、程序或说明，详见目录索引
03_程序代码/numerical_design.md,3486,bfa637257d3560e4818b43ce18ad74109c26e41a0d736022beb2a32d037776ca,见所属目录来源清单或为本次新编说明,资料、程序或说明，详见目录索引
03_程序代码/q1Model.py,534,ea386c0923fcd228de15d218bc834a95cc2be40620a18c88343580d0a9e86ac9,见所属目录来源清单或为本次新编说明,资料、程序或说明，详见目录索引
03_程序代码/q2Model.py,552,12ca865e9a18c92aabc7bc3824494891a4b3dc8353d6ef9cb6b0cec5748cae7e,见所属目录来源清单或为本次新编说明,资料、程序或说明，详见目录索引
03_程序代码/q3Model.py,1617,e1dbc3b7dd682f2e0e152057e132ba73774f083b2bdd78bcb27a188e31c7136d,见所属目录来源清单或为本次新编说明,资料、程序或说明，详见目录索引
03_程序代码/q4Model.py,586,c9b2863f62e29aafe1ada0c30305a91301260d5ef2755d1f6b8550c94b9d506f,见所属目录来源清单或为本次新编说明,资料、程序或说明，详见目录索引
03_程序代码/README.md,7438,ed3bafe7129846ada3535d2c7278100e802e9333b24cf5543ed682cc432b8e53,见所属目录来源清单或为本次新编说明,资料、程序或说明，详见目录索引
03_程序代码/reference/numerical_reference.json,9920,0496ffea561fccb5f406ec0506905e9a67b24699435d9d498db4353f5a61c2be,见所属目录来源清单或为本次新编说明,资料、程序或说明，详见目录索引
03_程序代码/reference/Q1/sampled_solution.npz,10569,5ef77c8eda471d59671f337c2b180a165387ba0d8898ab9b14adc5f2218a5f62,见所属目录来源清单或为本次新编说明,资料、程序或说明，详见目录索引
03_程序代码/reference/Q23/sampled_solution.npz,689540,e63270b32f3a59b7c0959143da319131001babf8a42c08f21531335692ec2e67,见所属目录来源清单或为本次新编说明,资料、程序或说明，详见目录索引
03_程序代码/reference/Q4/sampled_solution.npz,628742,953db94a659d0ae4f4a9830aa2e14c10b2460fd19a15963ff5cf222f8f2f5518,见所属目录来源清单或为本次新编说明,资料、程序或说明，详见目录索引
03_程序代码/requirements.txt,123,59254be88c7153c88b775fdc328b50bc6a66d73192f07e54c0515edfe4c39055,见所属目录来源清单或为本次新编说明,资料、程序或说明，详见目录索引
03_程序代码/runDelivery.py,11581,ab1571bf741f133e44d85b7f8a015d31d594d6338a139ae1a48b4f92a19470c1,见所属目录来源清单或为本次新编说明,资料、程序或说明，详见目录索引
03_程序代码/runLogged.ps1,1674,ad9888888a757e07ec9be147ffeeaae7a4e58347093f664d7894abd4323c4f17,见所属目录来源清单或为本次新编说明,资料、程序或说明，详见目录索引
04_结果表格/q1_paper_moisture.csv,345,729553493254621fe62da6a9f9c5f49b9ee2ca555dd430e44b253d8e2c82ae8f,paper_output/results/production/final_v6a/outputs/q1_paper_moisture.csv,final_v6a冻结结果；Excel/正文CSV不改动
04_结果表格/q1_paper_temperature.csv,380,ee7e81b53adc9d4a5180985e1f055140144d663418bc8c01e8ea26f464d6574b,paper_output/results/production/final_v6a/outputs/q1_paper_temperature.csv,final_v6a冻结结果；Excel/正文CSV不改动
04_结果表格/q2_paper_moisture.csv,285,cc73675708618b35b78e5022c04bd32ce9db54f2b2e8c9184a484a321f7edeaa,paper_output/results/production/final_v6a/outputs/q2_paper_moisture.csv,final_v6a冻结结果；Excel/正文CSV不改动
04_结果表格/q2_paper_temperature.csv,315,7d43f2bf1537084ed098f30a04169fdfcf14aef8fc83c9265edff20d9a8b356d,paper_output/results/production/final_v6a/outputs/q2_paper_temperature.csv,final_v6a冻结结果；Excel/正文CSV不改动
04_结果表格/q3_paper_moisture.csv,466,21edee79172d5dc6080207e36ad79fa7fd6511b86a0fa917583f4711c363a90e,paper_output/results/production/final_v6a/outputs/q3_paper_moisture.csv,final_v6a冻结结果；Excel/正文CSV不改动
04_结果表格/q4_paper_moisture.csv,390,1901b15527b8e19e7dd45f11803b51c8807f766a0a226ba83caabb9f8ffdc8d7,paper_output/results/production/final_v6a/outputs/q4_paper_moisture.csv,final_v6a冻结结果；Excel/正文CSV不改动
04_结果表格/q4_paper_radius.csv,172,374f39349913e79088ab60b8502d95f5c6ea9b020d1d289c46d04e7ee483cd08,paper_output/results/production/final_v6a/outputs/q4_paper_radius.csv,final_v6a冻结结果；Excel/正文CSV不改动
04_结果表格/result1.export.json,37626,11abcad1ee5ac7660275ffe1762c2039bb36f17605a02375a8a1fa0476e2fc96,paper_output/results/production/final_v6a/outputs/result1.export.json,final_v6a冻结结果；Excel/正文CSV不改动
04_结果表格/result1.validation.json,5031,bb697bbbbd1dbf6c17c450e063087c8dd69db8c23afa196fc1ebb521672bc405,paper_output/results/production/final_v6a/outputs/result1.validation.json,final_v6a冻结结果；Excel/正文CSV不改动
04_结果表格/result1.xlsx,390899,9c81c8152e3c1b40a379faae3745cd370ade4d85a8d5e22d79b14d804d470aa4,paper_output/results/production/final_v6a/outputs/result1.xlsx,final_v6a冻结结果；Excel/正文CSV不改动
04_结果表格/result2.export.json,36354,0a97294357b09a20808874a4bf543400d4e7228c0eb939b864d71630cfec510a,paper_output/results/production/final_v6a/outputs/result2.export.json,final_v6a冻结结果；Excel/正文CSV不改动
04_结果表格/result2.validation.json,5021,90a504d0e4a69d63bdb890d71a706a3a72d81f1085af93346c644d11b63f229e,paper_output/results/production/final_v6a/outputs/result2.validation.json,final_v6a冻结结果；Excel/正文CSV不改动
04_结果表格/result2.xlsx,29210086,318d753e5d462cb38a2b079f4c195240b322364f70579f05123ab15b5c359336,paper_output/results/production/final_v6a/outputs/result2.xlsx,final_v6a冻结结果；Excel/正文CSV不改动
04_结果表格/result3.export.json,24939,75e78a39f1aef19c96405548bc0b677f9fc6ef755bf54ec6ceb03b54da8fe8ec,paper_output/results/production/final_v6a/outputs/result3.export.json,final_v6a冻结结果；Excel/正文CSV不改动
04_结果表格/result3.validation.json,4386,ade874b4a433ff55256672f2248b1000155fa200d353d2e59c685d555acb3459,paper_output/results/production/final_v6a/outputs/result3.validation.json,final_v6a冻结结果；Excel/正文CSV不改动
04_结果表格/result3.xlsx,339137,7b26bbf53530bb5bf83dd19a210ee092187bfe892759399716932fe04440359e,paper_output/results/production/final_v6a/outputs/result3.xlsx,final_v6a冻结结果；Excel/正文CSV不改动
04_结果表格/result4.export.json,25714,4c506a4e7cb9f7f892ca6eea2ed1586ae8c1f4b7b1a0c70dd388c618f3da51c2,paper_output/results/production/final_v6a/outputs/result4.export.json,final_v6a冻结结果；Excel/正文CSV不改动
04_结果表格/result4.validation.json,5812,e6c860c5b6a2ee736b9ca2921ad8b50a7b75d7642a29c7c8a34207ecd210b73c,paper_output/results/production/final_v6a/outputs/result4.validation.json,final_v6a冻结结果；Excel/正文CSV不改动
04_结果表格/result4.xlsx,278278,8b62d09365a3bbcff081db49c53225c276dfb0a95bccfbc9762aa09bb6804d9f,paper_output/results/production/final_v6a/outputs/result4.xlsx,final_v6a冻结结果；Excel/正文CSV不改动
04_结果表格/结果表说明.md,1573,354d09770ecdb5d8dccf4977262f1a747c1ef01825f5bc4248cad2ed3b1eb737,见所属目录来源清单或为本次新编说明,资料、程序或说明，详见目录索引
05_绘图与数据/axis_range_checks.csv,587,d877843b2add229be3786d80b07904becb5c762c12df7414c3eb2db51e2e32f8,paper_output/figures/review_20260913/axis_range_checks.csv,已实际绘制六图与全部绘图CSV；未经重算
05_绘图与数据/draw_figures.R,14989,0cab1b22c34d5d4fb2015682db7ef22f774da8d436a412a41157992b5a3aa607,paper_output/figures/review_20260913/draw_figures.R,R绘图便携副本；绘图与数值逻辑不变
05_绘图与数据/input_data/CSV/图1/moisture.csv,16316,37baad274dc6317d4b8af57d79d83af58653663247fe638ddb76cd09e9f630dd,paper_output/figures/review_20260913/input_data/CSV/图1/moisture.csv,已实际绘制六图与全部绘图CSV；未经重算
05_绘图与数据/input_data/CSV/图1/temperature.csv,17756,3178ed85da9e445d6965e17a434e1129ee7755b0deaef42dab86c7141d9ebcf7,paper_output/figures/review_20260913/input_data/CSV/图1/temperature.csv,已实际绘制六图与全部绘图CSV；未经重算
05_绘图与数据/input_data/CSV/图2/assumed_platform_4_60h.csv,106,bc53170e1802d0bb4bfab17472ae5873d6c37ae6bd04b5b6bb66dbba04cccf44,paper_output/figures/review_20260913/input_data/CSV/图2/assumed_platform_4_60h.csv,已实际绘制六图与全部绘图CSV；未经重算
05_绘图与数据/input_data/CSV/图2/observed_0_4h.csv,6964,53587d9e0c837efe21ea9456af26857b035b370d5bb3180194f5551e38206126,paper_output/figures/review_20260913/input_data/CSV/图2/observed_0_4h.csv,已实际绘制六图与全部绘图CSV；未经重算
05_绘图与数据/input_data/CSV/图3/moisture_to_event.csv,188162,e97f2271edb8f062027f4238e1e3491b60df8ce3690030b96ed71843aa9066ea,paper_output/figures/review_20260913/input_data/CSV/图3/moisture_to_event.csv,已实际绘制六图与全部绘图CSV；未经重算
05_绘图与数据/input_data/CSV/图3/temperature_0_4h.csv,12498,baf5659461cdb25c0dd28beb8b0804f69ed444196f923dc06eabe7069ed6b2f4,paper_output/figures/review_20260913/input_data/CSV/图3/temperature_0_4h.csv,已实际绘制六图与全部绘图CSV；未经重算
05_绘图与数据/input_data/CSV/图4/centre_near_event.csv,306,2723e357e65989abc06165433c2d67050515feaa3390d2036be3a6c33d64f233,paper_output/figures/review_20260913/input_data/CSV/图4/centre_near_event.csv,已实际绘制六图与全部绘图CSV；未经重算
05_绘图与数据/input_data/CSV/图4/drying_main.csv,21890,679b6de5ccec6d5904c63b2b530c4b16501442e278bd2a37b2af8afe8a63725c,paper_output/figures/review_20260913/input_data/CSV/图4/drying_main.csv,已实际绘制六图与全部绘图CSV；未经重算
05_绘图与数据/input_data/CSV/图4/event_markers.csv,247,6931d514d9626dc30f0c68e81d9d9da47ff8a8d511aa3a7811bdf0c676ed66dc,paper_output/figures/review_20260913/input_data/CSV/图4/event_markers.csv,已实际绘制六图与全部绘图CSV；未经重算
05_绘图与数据/input_data/CSV/图4/maximum_near_event.csv,156,a334248c14b407bb3de6e0959087e7bc7448e5a72914e8bc426287d5d2d53ab1,paper_output/figures/review_20260913/input_data/CSV/图4/maximum_near_event.csv,已实际绘制六图与全部绘图CSV；未经重算
05_绘图与数据/input_data/CSV/图5/moisture_profiles_xy_pairs.csv,3684,a056c1c60bae798ef2501ca223da2b2e56ebb409b55f06827e4c3019fb9e3e38,paper_output/figures/review_20260913/input_data/CSV/图5/moisture_profiles_xy_pairs.csv,已实际绘制六图与全部绘图CSV；未经重算
05_绘图与数据/input_data/CSV/图5/radius_observed.csv,1643,9217f6e42d4b996641982534d5130b2cef667bee14f5238de51f55605b49b9cd,paper_output/figures/review_20260913/input_data/CSV/图5/radius_observed.csv,已实际绘制六图与全部绘图CSV；未经重算
05_绘图与数据/input_data/CSV/图5/selected_times_and_radii.csv,191,2f9f05c0f4c51dee5d62df9e9a224e585a5464b8fbf46c62804e2a9a6a6e5d9d,paper_output/figures/review_20260913/input_data/CSV/图5/selected_times_and_radii.csv,已实际绘制六图与全部绘图CSV；未经重算
05_绘图与数据/input_data/CSV/图6/scenario_comparison.csv,147,44fd32289e807d35a616cc87cf53da16bea320520f90950fb7ce52022a55a8c2,paper_output/figures/review_20260913/input_data/CSV/图6/scenario_comparison.csv,已实际绘制六图与全部绘图CSV；未经重算
05_绘图与数据/input_sha256.csv,1596,95949166dfdde4f71a2f0a28456a4c752f5b80e39361df0e034559878ffc3d29,paper_output/figures/review_20260913/input_sha256.csv,已实际绘制六图与全部绘图CSV；未经重算
05_绘图与数据/output_sha256.csv,4282,8e074d245027158e1672428104839ee5c1770caa33e0f83e1d2e1bf121a0f73c,paper_output/figures/review_20260913/output_sha256.csv,已实际绘制六图与全部绘图CSV；未经重算
05_绘图与数据/plot_checks.csv,301,e183c7aabf09771f413be4bd52fcd0d115f855670f8482aefac91bfdf887b24c,paper_output/figures/review_20260913/plot_checks.csv,已实际绘制六图与全部绘图CSV；未经重算
05_绘图与数据/R_session_info.txt,569,f19fbe6f0fc2312ffbb3e5ef05666f195fa81848bc27e1be8011d06759d39384,paper_output/figures/review_20260913/R_session_info.txt,已实际绘制六图与全部绘图CSV；未经重算
05_绘图与数据/source_manifest.json,17100,8b6ce723a493fdbcb1bc403d2ea4e3e72a5fb900d4f10afdbc4761ef21547be2,paper_output/figures/review_20260913/source_manifest.json,已实际绘制六图与全部绘图CSV；未经重算
05_绘图与数据/六图合并核查.pdf,183617,75dd67866ac4645a92f7a3837beda35df3ede3791644cca35042920966bef77a,paper_output/figures/review_20260913/六图合并核查.pdf,已实际绘制六图与全部绘图CSV；未经重算
05_绘图与数据/六图总预览.png,393035,093dce8a25d1b550f74f4e2e491f60a681cd492e6f45668be454edc81e6d894e,paper_output/figures/review_20260913/六图总预览.png,已实际绘制六图与全部绘图CSV；未经重算
05_绘图与数据/图1_径向温度与含水率.pdf,54830,cea762fca66fa74220da3eb21d0000a7613fd87bdde26bf65f116397112c05aa,paper_output/figures/review_20260913/图1_径向温度与含水率.pdf,已实际绘制六图与全部绘图CSV；未经重算
05_绘图与数据/图1_径向温度与含水率.png,150401,80754fe929b27ac081c05fe709bf88238a642eb8fb636690c8947b344e231b91,paper_output/figures/review_20260913/图1_径向温度与含水率.png,已实际绘制六图与全部绘图CSV；未经重算
05_绘图与数据/图1_径向温度与含水率.svg,109091,55092242ed8a9ca1e9e4d3165ea1c97968c51b75c78cdcbcdc55a412a5b68666,paper_output/figures/review_20260913/图1_径向温度与含水率.svg,已实际绘制六图与全部绘图CSV；未经重算
05_绘图与数据/图2_环境观测与平台延拓.pdf,80092,a65328ead3c1d4334c7a9e41316e158e9d05c67c47c8e60e121e62832dd8b4cb,paper_output/figures/review_20260913/图2_环境观测与平台延拓.pdf,已实际绘制六图与全部绘图CSV；未经重算
05_绘图与数据/图2_环境观测与平台延拓.png,136458,98d0a0924e31ce857861fe0cdee02d22134b9a24e99c98d084cb856801a5112d,paper_output/figures/review_20260913/图2_环境观测与平台延拓.png,已实际绘制六图与全部绘图CSV；未经重算
05_绘图与数据/图2_环境观测与平台延拓.svg,290788,7c0080ccf6b4eb02fb51f1d0ea1287898137301c587800439d063e0a4a86d17b,paper_output/figures/review_20260913/图2_环境观测与平台延拓.svg,已实际绘制六图与全部绘图CSV；未经重算
05_绘图与数据/图3_中心与表面热湿响应.pdf,77643,a51f87dfdeb77a7bd7132c665c1260f1f89c5fe68dacd067f1c74c00f919c1e5,paper_output/figures/review_20260913/图3_中心与表面热湿响应.pdf,已实际绘制六图与全部绘图CSV；未经重算
05_绘图与数据/图3_中心与表面热湿响应.png,96784,4bba35b237ea718148e0f31ea0c30160c8ef8bcd9525130908cf53083075a5a3,paper_output/figures/review_20260913/图3_中心与表面热湿响应.png,已实际绘制六图与全部绘图CSV；未经重算
05_绘图与数据/图3_中心与表面热湿响应.svg,189128,3ac8faa731a7fdfa239368892d41575460b3b70c5bc05c918989e6e4a748e480,paper_output/figures/review_20260913/图3_中心与表面热湿响应.svg,已实际绘制六图与全部绘图CSV；未经重算
05_绘图与数据/图4_全域达标与临界放大.pdf,68507,a1f303ac597dfbc63a643195b0a6add873f63f9549bae2fe85f04db2d8d25238,paper_output/figures/review_20260913/图4_全域达标与临界放大.pdf,已实际绘制六图与全部绘图CSV；未经重算
05_绘图与数据/图4_全域达标与临界放大.png,127260,04a96aa51b55e2f14e68bd90a5797f516830394b28c1c667f8b29ff8515434f5,paper_output/figures/review_20260913/图4_全域达标与临界放大.png,已实际绘制六图与全部绘图CSV；未经重算
05_绘图与数据/图4_全域达标与临界放大.svg,174826,6e91412e32dd223d300bda2bcb73b51b3eddee2d6306cc2bb184ef14336331fd,paper_output/figures/review_20260913/图4_全域达标与临界放大.svg,已实际绘制六图与全部绘图CSV；未经重算
05_绘图与数据/图5_收缩半径与域内含水率.pdf,59927,459942c10d7917a247bc5ed87a0b71270afce0568ad64e199b5f46667427f029,paper_output/figures/review_20260913/图5_收缩半径与域内含水率.pdf,已实际绘制六图与全部绘图CSV；未经重算
05_绘图与数据/图5_收缩半径与域内含水率.png,102736,42e97f43f9d079bc90cc4a3326c00a0689898cfce5c8b2ff06d0815c353dd518,paper_output/figures/review_20260913/图5_收缩半径与域内含水率.png,已实际绘制六图与全部绘图CSV；未经重算
05_绘图与数据/图5_收缩半径与域内含水率.svg,130403,44cc7da8f0c4617357e39b11edb483e196af7df77645d985b4ce73f1b2ef0993,paper_output/figures/review_20260913/图5_收缩半径与域内含水率.svg,已实际绘制六图与全部绘图CSV；未经重算
05_绘图与数据/图6_经验边界阻力情景.pdf,57170,aff4bcb738972daa18a57eb40882103c8c9f17e24658d2c26419a33e04ff122c,paper_output/figures/review_20260913/图6_经验边界阻力情景.pdf,已实际绘制六图与全部绘图CSV；未经重算
05_绘图与数据/图6_经验边界阻力情景.png,89119,31ab305b18917d4768a493589754ebbe30a12821952dead10e029197a54d2931,paper_output/figures/review_20260913/图6_经验边界阻力情景.png,已实际绘制六图与全部绘图CSV；未经重算
05_绘图与数据/图6_经验边界阻力情景.svg,123878,3a27d21b5203e5085e16ced4ba29bb48b4873b4063fd793e9687b46377b70d3b,paper_output/figures/review_20260913/图6_经验边界阻力情景.svg,已实际绘制六图与全部绘图CSV；未经重算
05_绘图与数据/绘图说明.md,4751,7534fb39223c5e2ba3d16b66a00636951eacc6f7da4a65dc17fc2dd458fac33b,见所属目录来源清单或为本次新编说明,资料、程序或说明，详见目录索引
06_AI使用记录/AI工具使用详情.md,14290,1d2cf0074fe8ec1205c3925a7dadacf9c26436d6ac0b172bf491a833f656ed17,见所属目录来源清单或为本次新编说明,资料、程序或说明，详见目录索引
06_AI使用记录/AI披露内容.json,21972,8a07931d5ff1a6ba2a9afa82fa6f7e1fd2c54068d58146e590d7f5b53574e2c0,见所属目录来源清单或为本次新编说明,资料、程序或说明，详见目录索引
06_AI使用记录/README.md,830,878fde8385d976c8c0bb88a225075bba09c8126e21078f42f904312da59aa985,见所属目录来源清单或为本次新编说明,资料、程序或说明，详见目录索引
06_AI使用记录/本次代码验收摘要.json,1064,21a4b37b25749e1c7c6317a035adf0872c43f228c87ff3bfae3564279d6addb4,见所属目录来源清单或为本次新编说明,资料、程序或说明，详见目录索引
06_AI使用记录/证据索引.json,2665,94ca989f720de915f92fe283ce5392a06d110b75f3375a9f0edaac6829148587,见所属目录来源清单或为本次新编说明,资料、程序或说明，详见目录索引
07_数值检验与实验/MATLAB对照证据/comparison-python-development.json,1285,da413a5274aa58e43b05ac5bc9ea8d19b242ea68d57e7f7e8c56563a679838b6,paper_output/qa/matlab_crosscheck_20260911/comparison-python-development.json,历史MATLAB独立GUI对照记录
07_数值检验与实验/MATLAB对照证据/comparison-python-manifest.json,1253,8ffe58c72a0fee901df7c325c8298e87011aad5c764f135a2fc15d01bf33b2ac,paper_output/qa/matlab_crosscheck_20260911/comparison-python-manifest.json,历史MATLAB独立GUI对照记录
07_数值检验与实验/MATLAB对照证据/comparison-python.json,56785,5d8352f6539a4ec68f0a5b39dc11b42550175f886831b2b2a63ccf59b64dba1e,paper_output/qa/matlab_crosscheck_20260911/comparison-python.json,历史MATLAB独立GUI对照记录
07_数值检验与实验/MATLAB对照证据/Q1_crossCheck.json,6208,2c36d0e5eda3b8c822b2a8c9dd6a1d486c0784deab5cc3bd68c9f10144ab191c,paper_output/qa/matlab_crosscheck_20260911/Q1_crossCheck.json,历史MATLAB独立GUI对照记录
07_数值检验与实验/MATLAB对照证据/Q23_crossCheck.json,13425,6be51610f0f4904d162363d6d0e2b75e6620fb64b09bffe6a94e7247cb2168e4,paper_output/qa/matlab_crosscheck_20260911/Q23_crossCheck.json,历史MATLAB独立GUI对照记录
07_数值检验与实验/MATLAB对照证据/Q4_crossCheck.json,13607,f9f886adcce3da4ab30498410a3bf5240293afc483c5303a44550bdf71904c5d,paper_output/qa/matlab_crosscheck_20260911/Q4_crossCheck.json,历史MATLAB独立GUI对照记录
07_数值检验与实验/MATLAB对照证据/runSummary.json,41718,d6e3c827105b7f8475a82b630b997e656aa6f2c428197a5edc03af5eddca45cf,paper_output/qa/matlab_crosscheck_20260911/runSummary.json,历史MATLAB独立GUI对照记录
07_数值检验与实验/冻结运行证据/export_validation.json,25924,470c34b88cbe209bf11ef2c43b147bcd3bbff2be207ac578f2c884e870e22d6a,paper_output/results/production/final_v6a/export_validation.json,历史实际生产运行证据，路径匿名化副本
07_数值检验与实验/冻结运行证据/numerical_summaries.json,16887,4b329ea2a4479e028117f7678ecabe8951926a6d67494dd35367f9b6d4b023a7,paper_output/results/production/final_v6a/numerical_summaries.json,历史实际生产运行证据，路径匿名化副本
07_数值检验与实验/冻结运行证据/process_result.json,733,de7b33b6e388d0be040214fa0ecc514c49f189339aa957896da36dc3ad730026,paper_output/results/production/final_v6a/process_result.json,历史实际生产运行证据，路径匿名化副本
07_数值检验与实验/冻结运行证据/run_manifest.json,32137,2196b089d5d7af9b7c8bf795486538494ca4718b03a32726fe6c06d7c1311689,paper_output/results/production/final_v6a/run_manifest.json,历史实际生产运行证据，路径匿名化副本
07_数值检验与实验/历史源码/paper_output/code/a_restart/verifyFreshModel.R,5669,a8fed3769bc10925f04b41fc990fc2fdeb9aa89ca55461df1dd407deeeaa9493,paper_output/code/a_restart/verifyFreshModel.R,补齐历史数据/导出入口
07_数值检验与实验/历史源码/paper_output/code/contracts/build_a_contracts.py,38647,846bf67d5eab2db6e6ce3e2b1df58f7a953ffe5dd8e15d41d77b59001112302e,paper_output/code/contracts/build_a_contracts.py,补齐历史数据/导出入口
07_数值检验与实验/历史源码/paper_output/code/data/prepare_a_data.py,14799,f32a7a23ea85f0bb68b59b64cf3e9c670cbabf8ce6324e29f0059a41c8f1fc5d,paper_output/code/data/prepare_a_data.py,补齐历史数据/导出入口
07_数值检验与实验/历史源码/paper_output/code/modeling/analytic_jacobian.py,16952,d7dfda75b335e82eb27d39b8e2f12edf5a56254269ff4f273e7a828ed75a8665,paper_output/code/modeling/analytic_jacobian.py,全部状态交叉导数与解析稀疏Jacobian
07_数值检验与实验/历史源码/paper_output/code/modeling/axisymmetric_check.py,13887,a2fee9b466f8e25b86b8f20f053044182d25267ee0ee588f943ff4319df95a9c,paper_output/code/modeling/axisymmetric_check.py,补齐历史数据/导出入口
07_数值检验与实验/历史源码/paper_output/code/modeling/compare_analytic.py,14520,52a53d38d10fb4bbb121ea4c7336d86b1dffc3f29eb590cc637258e90215f805,paper_output/code/modeling/compare_analytic.py,早期解析对照及常D特例筛选入口
07_数值检验与实验/历史源码/paper_output/code/modeling/disk_dense.py,4869,2a8c0cac75ee0b8a1cd193277f73cde77533683a1b9c3db803b6db0f16deab60,paper_output/code/modeling/disk_dense.py,BDF原精度多项式磁盘存储、分段边界与生命周期
07_数值检验与实验/历史源码/paper_output/code/modeling/drying_core.py,19944,4b1e1fdacaf6eb195f94192cf1574c96609ca1058297e081dd474f59585f2305,paper_output/code/modeling/drying_core.py,读取输入、有限体积、水热物性、通量、ODE事件和稠密轨迹查询
07_数值检验与实验/历史源码/paper_output/code/modeling/export_outputs.py,41427,7111606498554e18e2e007a58e0d5161b5fd209cde98b949a245981eb403c21b,paper_output/code/modeling/export_outputs.py,模板识别、完整Excel/未舍入CSV导出、回读和活轨迹采样核验
07_数值检验与实验/历史源码/paper_output/code/modeling/peer_beta_check.py,14337,a7a31ba683be96de9f20c13476bdfa2a6e1e9fac25ec0035fdfaedff8159a683,paper_output/code/modeling/peer_beta_check.py,补齐历史数据/导出入口
07_数值检验与实验/历史源码/paper_output/code/modeling/production_provenance.py,24002,0370979d780ff59487d1616d7c0ff6041c642624d9267c51f9a0925b26453130,paper_output/code/modeling/production_provenance.py,源文件/输入指纹、运行元数据、监督进程和发布事务
07_数值检验与实验/历史源码/paper_output/code/modeling/publication_plots.py,24337,a58b5bb7300aef7f334e28cb0be070971d1681b516e537b84320577b00293388,paper_output/code/modeling/publication_plots.py,正式入口直接调用的主题图生成及图源指纹
07_数值检验与实验/历史源码/paper_output/code/modeling/q1_model.py,340,58f0f3d8a3c833a9bf4f60702a3a02ec4cd67ae9ace8d0567cb20f84073cdfa8,paper_output/code/modeling/q1_model.py,问题一正式参数入口
07_数值检验与实验/历史源码/paper_output/code/modeling/q2_model.py,352,4ceb89001d2e99270e117d124394213adab1ba678a85395e7e8cf36b0e4d1204,paper_output/code/modeling/q2_model.py,问题二/三共用轨迹参数入口
07_数值检验与实验/历史源码/paper_output/code/modeling/q3_model.py,1285,43a65b6a1982649503beaeec92d7aa553dd6d8f516703cc50b912a086ba9a137,paper_output/code/modeling/q3_model.py,全域阈值、四位小时上取与严格可行复核
07_数值检验与实验/历史源码/paper_output/code/modeling/q4_model.py,377,d331207ebdffc2eb36fa3f659cd20215511415258c89334c89640ceaf3c7d535,paper_output/code/modeling/q4_model.py,问题四附录4物性与收缩开关入口
07_数值检验与实验/历史源码/paper_output/code/modeling/run_experiments.py,3995,fdfa336e998f7fa649887cbfab615afae33d9554c6094983562b0da139e6f509,paper_output/code/modeling/run_experiments.py,Kirchhoff网格与同物性收缩对照批次入口
07_数值检验与实验/历史源码/paper_output/code/modeling/run_modeling.py,27729,d39b23051cc00d7f06482f90564e0cb34052849f15c5275d439b8824e8016b84,paper_output/code/modeling/run_modeling.py,总入口、实际进程监督、版本隔离与结果发布
07_数值检验与实验/历史源码/paper_output/code/modeling/validate_bessel.py,16285,64a62c7127cf2d5e3117e2aa7bc9a9f3909ee9dfdadb65852cbb48c278a9b2ac,paper_output/code/modeling/validate_bessel.py,Robin–Bessel解析热场、级数截断自检
07_数值检验与实验/历史源码/paper_output/code/modeling/verify_convergence.py,6542,7c6e6d35aba634e41f4e51d4ffd045ce32a9527908b5e1806247dd85c848dbec,paper_output/code/modeling/verify_convergence.py,当前投影/场差归约模块
07_数值检验与实验/历史源码/paper_output/code/modeling/verify_dense_storage.py,3850,b9035db0a0b1fb510c9743b0566ad4d5e74919fa233fbea623a7cffce1ff9472,paper_output/code/modeling/verify_dense_storage.py,内存/磁盘稠密输出等价性入口
07_数值检验与实验/历史源码/paper_output/code/modeling/verify_time_accuracy.py,14430,a006f698cda4e0a80f37e83fc4fe1292d6210ef64430400f86a7ca40bc47cddc,paper_output/code/modeling/verify_time_accuracy.py,同N容差和步长收紧的监督运行入口
07_数值检验与实验/历史源码/paper_output/code/review_delivery/analyticJacobian.py,17600,a5d06601f8402bdf83cff5a938997bca741e2d947c3c451dd42f24055d24efbe,paper_output/code/review_delivery/analyticJacobian.py,N40驼峰解析Jacobian
07_数值检验与实验/历史源码/paper_output/code/review_delivery/diskDense.py,5562,669045eb21c6980edcbe4ec8a2cd365ee06504caa12a78e6c83428fb27a8889f,paper_output/code/review_delivery/diskDense.py,N40驼峰磁盘轨迹存储
07_数值检验与实验/历史源码/paper_output/code/review_delivery/dryingCore.py,21525,1350b0729bac99ab097da6b45d23ebb5cd554b5410e696bff41cf0539b554c77,paper_output/code/review_delivery/dryingCore.py,N40驼峰有限体积求解器
07_数值检验与实验/历史源码/paper_output/code/review_delivery/exportOutputs.py,42147,3a66a754e7f3a13534918c7ebab7bc664d07669121f12ecde47efb5871a406ed,paper_output/code/review_delivery/exportOutputs.py,补齐历史数据/导出入口
07_数值检验与实验/历史源码/paper_output/code/review_delivery/matlab/runCrossCheck.m,26369,54cdebf6941ed139efc00ff75e43b2c5fd5a3d73d2ec095829d7bc31aae3aeda,paper_output/code/review_delivery/matlab/runCrossCheck.m,MATLAB独立N40求解入口
07_数值检验与实验/历史源码/paper_output/code/review_delivery/q1Model.py,532,de435965eb2ccd293f839c0eed5830ed247c90aa3a4ee80f2b8c00a5b189e6d1,paper_output/code/review_delivery/q1Model.py,N40问题一入口
07_数值检验与实验/历史源码/paper_output/code/review_delivery/q2Model.py,550,814052bf9d27b48f762b602255254bb32d75c212aa7bd61d5673b38822f77c33,paper_output/code/review_delivery/q2Model.py,N40问题二三入口
07_数值检验与实验/历史源码/paper_output/code/review_delivery/q3Model.py,1595,ceb692136efe5bc79075d913779ad59f27625c53af40182c0995f7ace8d2ba8f,paper_output/code/review_delivery/q3Model.py,N40严格报告与采样时刻
07_数值检验与实验/历史源码/paper_output/code/review_delivery/q4Model.py,584,7356a7ced99a8f6c8603d2cb2ce6350461632680afecb61db2e13609cf606009,paper_output/code/review_delivery/q4Model.py,N40问题四入口
07_数值检验与实验/历史源码/paper_output/code/review_delivery/runDelivery.py,15385,95a346c15bd893f24b75e6b86d3ec0e6eeaf83ef367b9cd535faa5ed6406ac5a,paper_output/code/review_delivery/runDelivery.py,MATLAB对照所用Python N40生成入口
07_数值检验与实验/历史源码/paper_output/code/review_delivery/runLogged.ps1,2853,a9174b3777c7e710ab41e388499e1335ee19f06cf3acde1909492c9b4a463db9,paper_output/code/review_delivery/runLogged.ps1,N40 Python实际进程监督入口
07_数值检验与实验/历史源码/paper_output/code/review_delivery/tools/compareMatlab.mjs,16706,32301b047f8ae32faec659fa09dd586326cf2984e7b03252d26fe142c7c6efbe,paper_output/code/review_delivery/tools/compareMatlab.mjs,MATLAB/Python共点比较及Node进程监督
07_数值检验与实验/历史源码/paper_output/code/verification/analytic_metric_check.py,4056,bf26cdd8aa7933c9f2cd3250e78be8bc5730653f7de60dbe4c5cb27cefd362c9,paper_output/code/verification/analytic_metric_check.py,补齐历史数据/导出入口
07_数值检验与实验/历史源码/paper_output/code/verification/compile_crossvalidation_report.py,28567,89e6fbf2692088205063d656ee8432a833f3847a195319c6487727cc092df99b,paper_output/code/verification/compile_crossvalidation_report.py,补齐历史数据/导出入口
07_数值检验与实验/历史源码/paper_output/code/verification/crossvalidate_series.py,19916,f5271cd39df457ce5f846fc001890c361f2dddd58946208230730d8c170c85be,paper_output/code/verification/crossvalidate_series.py,补齐历史数据/导出入口
07_数值检验与实验/历史源码/paper_output/code/verification/crossvalidate_solver.py,8427,981a5e3ab737dd1a82106e00717d97e0b93963cd6cdad1d28aaec75445639a09,paper_output/code/verification/crossvalidate_solver.py,BDF/Radau与面格式对照入口
07_数值检验与实验/历史源码/paper_output/code/verification/energy_balance_check.py,11942,1811bd4c79383fa234d6b806ccec10de789927cad25d92dc7802250ac79a1c94,paper_output/code/verification/energy_balance_check.py,有效热方程瞬时加权通量检验
07_数值检验与实验/历史源码/paper_output/code/verification/energy_balance_diagnose.py,2806,c273024f9c417aaeccfaef67e4d85d8677387d6f6def52376477b06a772dd38b,paper_output/code/verification/energy_balance_diagnose.py,补齐历史数据/导出入口
07_数值检验与实验/历史源码/paper_output/code/verification/energy_balance_diagnose2.py,3902,e272e0637225ebdfd4e6605911b46787456e8fab99c8d2ac7350f167fba93476,paper_output/code/verification/energy_balance_diagnose2.py,补齐历史数据/导出入口
07_数值检验与实验/历史源码/paper_output/code/verification/isotherm_activity_closure.py,23957,d3b5c60a975d6f03dc83d264e062737f9716e8180e2d0264ce397ee9d70a291e,paper_output/code/verification/isotherm_activity_closure.py,经验边界阻力p情景入口
07_数值检验与实验/历史源码/paper_output/code/verification/isotherm_diagnose.py,3001,773b82d0ce8acde10cb3af6ad11dbb9df798053b2cf353b7c08e1022878e972a,paper_output/code/verification/isotherm_diagnose.py,补齐历史数据/导出入口
07_数值检验与实验/历史源码/paper_output/code/verification/isotherm_jacobian_probe.py,3883,2e79116c28e3656de6ca316cae49a3a77ee7e75a9a0054fc8cb5fbbb804bc40c,paper_output/code/verification/isotherm_jacobian_probe.py,补齐历史数据/导出入口
07_数值检验与实验/历史源码/paper_output/code/verification/latent_heat_scenarios.py,8685,07c902118973408cd6dde53e9c6bd90e0890f1a78872fa5c033fa3f739e89f4b,paper_output/code/verification/latent_heat_scenarios.py,补齐历史数据/导出入口
07_数值检验与实验/历史源码/paper_output/code/verification/method_comparison.py,9293,2822603def31854e33a1eb98bdcb771e4c30a1605772eb0829a1edebaa2df8f0,paper_output/code/verification/method_comparison.py,Kirchhoff与另一守恒面格式比较
07_数值检验与实验/历史源码/paper_output/code/verification/sensitivity_analysis.py,12878,e1260fa875ed68f8a87e76d588c61f49df223755a0ef3827dcbaf1d422314066,paper_output/code/verification/sensitivity_analysis.py,修复后的D/k单参数扫描入口
07_数值检验与实验/历史源码/paper_output/code/verification/threshold_and_scaling_checks.py,8007,6ff008967432cb93afabe60e3f61c42faeddfeb351bbbd8b948c9e3eb1a70599,paper_output/code/verification/threshold_and_scaling_checks.py,N800阈值二分及R平方时标归约
07_数值检验与实验/历史源码/paper_output/code/versions/disk_dense_v5.py,3861,2a886c39b7d287ce0cccac7850051583d3205a2f9032ba94b0cc04212afacb06,paper_output/code/versions/disk_dense_v5.py,历史空间检查磁盘轨迹依赖
07_数值检验与实验/历史源码/paper_output/code/versions/disk_dense_v6.py,4869,2a8c0cac75ee0b8a1cd193277f73cde77533683a1b9c3db803b6db0f16deab60,paper_output/code/versions/disk_dense_v6.py,补齐历史数据/导出入口
07_数值检验与实验/历史源码/paper_output/code/versions/drying_core_v1_harmonic.py,13721,27720d3b7862ff68291af3396bd4794dbabe71ceab3724a234e256828caf4501,paper_output/code/versions/drying_core_v1_harmonic.py,附录粗网格反例的原核心快照
07_数值检验与实验/历史源码/paper_output/code/versions/drying_core_v2_kirchhoff.py,15623,99ca2a3d71944b81e38fe647c411361720e1e8ff379abdc94a17fb0b45bbadce,paper_output/code/versions/drying_core_v2_kirchhoff.py,采用Kirchhoff的早期实际核心快照
07_数值检验与实验/历史源码/paper_output/code/versions/drying_core_v3_analytic_jacobian.py,16516,1c5b3fdea157e5025fcec8b89a5ff1fe6030a120b6eb4edd80042e81a676124a,paper_output/code/versions/drying_core_v3_analytic_jacobian.py,Q1空间检查实际核心快照
07_数值检验与实验/历史源码/paper_output/code/versions/drying_core_v4_block_diagnostics.py,17538,f113d965ce87a43ba86a95c291ce721120bf9543180bdcbd58e7c43f06eb76de,paper_output/code/versions/drying_core_v4_block_diagnostics.py,补齐历史数据/导出入口
07_数值检验与实验/历史源码/paper_output/code/versions/drying_core_v5_disk_dense.py,19608,325a17c9da48f2ed04f74c1cc7576104449b3340d856f87a181f746d674b70a8,paper_output/code/versions/drying_core_v5_disk_dense.py,Q23/Q4空间检查实际核心快照
07_数值检验与实验/历史源码/paper_output/code/versions/drying_core_v6_bdf_knots.py,19944,4b1e1fdacaf6eb195f94192cf1574c96609ca1058297e081dd474f59585f2305,paper_output/code/versions/drying_core_v6_bdf_knots.py,补齐历史数据/导出入口
07_数值检验与实验/历史源码/paper_output/code/versions/export_outputs_v1.py,27148,51633f654ad3fec9c4eb850a38abb742c5dce53ac4290bf2aeef81d11966f541,paper_output/code/versions/export_outputs_v1.py,补齐历史数据/导出入口
07_数值检验与实验/历史源码/paper_output/code/versions/export_outputs_v2.py,27238,7ad751b0d66c9a3956e4717c6d7aeeecf95e37907f126340100317b5a077af62,paper_output/code/versions/export_outputs_v2.py,补齐历史数据/导出入口
07_数值检验与实验/历史源码/paper_output/code/versions/run_experiments_v1.py,3870,d9732547f958da6b90c7001c41e5b359ad3dac97ec9df43dfd084ef8147b65d4,paper_output/code/versions/run_experiments_v1.py,附录粗网格反例的原批次入口
07_数值检验与实验/历史源码/paper_output/code/versions/verify_convergence_v1.py,5346,2e273bc308e90cb0a6b5a2bf6e68be123670bdd768595c7a02d26edf147945e8,paper_output/code/versions/verify_convergence_v1.py,Q1空间检查的原驱动快照
07_数值检验与实验/历史源码/paper_output/code/versions/verify_convergence_v5.py,6186,d0a7ece6d0b3a360656a693dbd29207f5adc3c7a90fe6165a555ff12dd53a80d,paper_output/code/versions/verify_convergence_v5.py,Q23/Q4最终空间检查的原驱动快照
07_数值检验与实验/历史源码/paper_output/code/versions/verify_dense_storage_v5.py,3382,cc065b2a3963650115b3d267f43b6c69054e73cf3975a9c4411b5703ba56a9fa,paper_output/code/versions/verify_dense_storage_v5.py,补齐历史数据/导出入口
07_数值检验与实验/历史结果/analytic_comparison/analytic_comparison_report.json,43036,dd65bf471f4dfc8785693be3caf02f8d890936a9073126763fbe80e9b2dab552,paper_output/results/analytic_comparison/analytic_comparison_report.json,实际检验/实验记录，采用范围见核验说明
07_数值检验与实验/历史结果/analytic_comparison/frozen_D_N100_dense.csv,542050,f265ab8730c81d9d29ebdb672b0549178a8b2c838baa575c663b857683f19097,paper_output/results/analytic_comparison/frozen_D_N100_dense.csv,实际检验/实验记录，采用范围见核验说明
07_数值检验与实验/历史结果/analytic_comparison/frozen_D_N100_early.csv,2893,ae370c2aea760ddd71e0d3e543a844501ad17d7aed06a37a04a1b21fb6ad8b4c,paper_output/results/analytic_comparison/frozen_D_N100_early.csv,实际检验/实验记录，采用范围见核验说明
07_数值检验与实验/历史结果/analytic_comparison/frozen_D_N100_paper.csv,5035,4f8c282cecdb92066e901b617bed26dae0258b47c779176790d645ada35d2e52,paper_output/results/analytic_comparison/frozen_D_N100_paper.csv,实际检验/实验记录，采用范围见核验说明
07_数值检验与实验/历史结果/analytic_comparison/frozen_D_N100_report.json,6144,adcc6c64bc49a1aaf5ca3ba80d0e055978a1c8b011becebf2de172736f939e02,paper_output/results/analytic_comparison/frozen_D_N100_report.json,实际检验/实验记录，采用范围见核验说明
07_数值检验与实验/历史结果/analytic_comparison/frozen_D_N400_dense.csv,542078,17de4fb772af81cca10a2b09d126a43978ee17743928402c28e5b1cef769e495,paper_output/results/analytic_comparison/frozen_D_N400_dense.csv,实际检验/实验记录，采用范围见核验说明
07_数值检验与实验/历史结果/analytic_comparison/frozen_D_N400_early.csv,2908,6b69032086851023da6c6908a0810fff2859bf73e6c9bb6bff75ea69bd64f859,paper_output/results/analytic_comparison/frozen_D_N400_early.csv,实际检验/实验记录，采用范围见核验说明
07_数值检验与实验/历史结果/analytic_comparison/frozen_D_N400_paper.csv,5030,28a8847b90f7a870c65a2c4ee6449e329f0379cf4236d1c690f3f62bcfc3a19e,paper_output/results/analytic_comparison/frozen_D_N400_paper.csv,实际检验/实验记录，采用范围见核验说明
07_数值检验与实验/历史结果/analytic_comparison/frozen_D_N400_report.json,6164,e26bc1d4c54aa02fb44faeeebb0a31dfe5ed260ba6d006fd3126bcbc382fff05,paper_output/results/analytic_comparison/frozen_D_N400_report.json,实际检验/实验记录，采用范围见核验说明
07_数值检验与实验/历史结果/analytic_comparison/frozen_D_N800_dense.csv,542136,5905db835ee051b254e4c24ada712bc5c0d3010ccb4cf61b9d41c83b85a66468,paper_output/results/analytic_comparison/frozen_D_N800_dense.csv,实际检验/实验记录，采用范围见核验说明
07_数值检验与实验/历史结果/analytic_comparison/frozen_D_N800_early.csv,2912,e0e0018987ee3cbb128a43ae2d4246fe4e806bac7c3c97cdea6a83a6b67e5c94,paper_output/results/analytic_comparison/frozen_D_N800_early.csv,实际检验/实验记录，采用范围见核验说明
07_数值检验与实验/历史结果/analytic_comparison/frozen_D_N800_paper.csv,5038,dcf434602e559177e62c9f6f9305e07627bf733582f5cc4924d9e2f4696a8d31,paper_output/results/analytic_comparison/frozen_D_N800_paper.csv,实际检验/实验记录，采用范围见核验说明
07_数值检验与实验/历史结果/analytic_comparison/frozen_D_N800_report.json,6144,0acfd17c8efc26da0c4f71e513e327ef6416f9d40912f6e6c8cacf42ec3d4799,paper_output/results/analytic_comparison/frozen_D_N800_report.json,实际检验/实验记录，采用范围见核验说明
07_数值检验与实验/历史结果/analytic_comparison/nonlinear_Q1_N100_dense.csv,388346,b2809a1bbe49a8d966fd0be99fe54c75b453a9e2b9d935ef655657f163427601,paper_output/results/analytic_comparison/nonlinear_Q1_N100_dense.csv,实际检验/实验记录，采用范围见核验说明
07_数值检验与实验/历史结果/analytic_comparison/nonlinear_Q1_N100_paper.csv,3613,7eb1a48c7e2d04c4c058a971434bc261490f97f8a071119d7826a9421b17ff7d,paper_output/results/analytic_comparison/nonlinear_Q1_N100_paper.csv,实际检验/实验记录，采用范围见核验说明
07_数值检验与实验/历史结果/analytic_comparison/nonlinear_Q1_N100_report.json,4073,a3cab413379ccbdb749e2a35b169d243ed30b084017aa8d19848a421b588670e,paper_output/results/analytic_comparison/nonlinear_Q1_N100_report.json,实际检验/实验记录，采用范围见核验说明
07_数值检验与实验/历史结果/analytic_comparison/nonlinear_Q1_N200_dense.csv,388334,c298878cf4d4d1f8fa51e56465cbd3412f4e85e7b0b18459941c4811bc5e0680,paper_output/results/analytic_comparison/nonlinear_Q1_N200_dense.csv,实际检验/实验记录，采用范围见核验说明
07_数值检验与实验/历史结果/analytic_comparison/nonlinear_Q1_N200_paper.csv,3617,c9ea34a3c3f55b40f1a0fd06e25478777e4f5cd6441866e49d1237d64a3d79dd,paper_output/results/analytic_comparison/nonlinear_Q1_N200_paper.csv,实际检验/实验记录，采用范围见核验说明
07_数值检验与实验/历史结果/analytic_comparison/nonlinear_Q1_N200_report.json,4079,8f740293c0c0fe576a7eed0e27bcee5b42800210b92eadfdd76fc6b569454c72,paper_output/results/analytic_comparison/nonlinear_Q1_N200_report.json,实际检验/实验记录，采用范围见核验说明
07_数值检验与实验/历史结果/analytic_comparison/nonlinear_Q1_N400_dense.csv,388357,387bb5a78547a9eafd100c6fd75d6c1a22c4bdc32e4c825ddd3af0e7cdeafb13,paper_output/results/analytic_comparison/nonlinear_Q1_N400_dense.csv,实际检验/实验记录，采用范围见核验说明
07_数值检验与实验/历史结果/analytic_comparison/nonlinear_Q1_N400_paper.csv,3616,290d9f3e6ac31eeee6e7c55e4d16a23f3990b0798812ca76eab0560c42bb6658,paper_output/results/analytic_comparison/nonlinear_Q1_N400_paper.csv,实际检验/实验记录，采用范围见核验说明
07_数值检验与实验/历史结果/analytic_comparison/nonlinear_Q1_N400_report.json,4071,5771f37b603ec6a575c87ab9b9c292510ce6372e10f373eeb4c130c3704847de,paper_output/results/analytic_comparison/nonlinear_Q1_N400_report.json,实际检验/实验记录，采用范围见核验说明
07_数值检验与实验/历史结果/bessel_validation/bessel_selfcheck.json,3201,e84f07a57f865069390cd2b9c1e85f1b998bf75158991a8ff757d05eaf022723,paper_output/results/bessel_validation/bessel_selfcheck.json,实际检验/实验记录，采用范围见核验说明
07_数值检验与实验/历史结果/bessel_validation/frozen_D_moisture_benchmark_points.csv,1272,af8d8a47373bf776f9f767128cd2188c9ceab8a3c7a28c48e663bdd27eb11622,paper_output/results/bessel_validation/frozen_D_moisture_benchmark_points.csv,实际检验/实验记录，采用范围见核验说明
07_数值检验与实验/历史结果/bessel_validation/q1_exact_heat_paper_points.csv,1264,ffe202b454ff28efd057f99203e8c12e3988bf2996ebe85b112c5d858da2c11c,paper_output/results/bessel_validation/q1_exact_heat_paper_points.csv,实际检验/实验记录，采用范围见核验说明
07_数值检验与实验/历史结果/convergence/Q1_frozenD_analytic_J_v3/convergence_report.json,7374,4745462ecb8ddfa055c8f07b3cc489074111f609eb07efad8868cebc3f14e0d7,paper_output/results/convergence/Q1_frozenD_analytic_J_v3/convergence_report.json,实际检验/实验记录，采用范围见核验说明
07_数值检验与实验/历史结果/convergence/Q1_frozenD_analytic_J_v3/N1600/summary.json,2501,376a697ffa47964907d873f73e5cb9a56aba89264741d1a31009dfe6047b1fcc,paper_output/results/convergence/Q1_frozenD_analytic_J_v3/N1600/summary.json,实际检验/实验记录，采用范围见核验说明
07_数值检验与实验/历史结果/convergence/Q1_frozenD_analytic_J_v3/N3200/summary.json,2502,aab5315e9d540d4984ffc9e1dd80111c6ee3ec8e6adce538d5d41eb8a5f9f788,paper_output/results/convergence/Q1_frozenD_analytic_J_v3/N3200/summary.json,实际检验/实验记录，采用范围见核验说明
07_数值检验与实验/历史结果/convergence/Q1_K_analytic_J_v3/convergence_report.json,10761,78362f990ca25ca6caad1e8e93b9ca8e2c86d934d8ade58aa74720c2a858c5e7,paper_output/results/convergence/Q1_K_analytic_J_v3/convergence_report.json,实际检验/实验记录，采用范围见核验说明
07_数值检验与实验/历史结果/convergence/Q1_K_analytic_J_v3/N1600/summary.json,2520,40db2f5bd0aead9e0ac295fd88aeb9af563e3e43fa447a76e3248c7a901b3ea0,paper_output/results/convergence/Q1_K_analytic_J_v3/N1600/summary.json,实际检验/实验记录，采用范围见核验说明
07_数值检验与实验/历史结果/convergence/Q1_K_analytic_J_v3/N3200/summary.json,2518,3808aef452af9b13b4198cbb04bce1e3d5e86f4afe8542f4a39f7e001d96372e,paper_output/results/convergence/Q1_K_analytic_J_v3/N3200/summary.json,实际检验/实验记录，采用范围见核验说明
07_数值检验与实验/历史结果/convergence/Q1_K_analytic_J_v3/N800/summary.json,2529,f7cfd01bd997b14cbe4e9d3dcc82ccb2f2c05ddae08d9d016da0fdd945197297,paper_output/results/convergence/Q1_K_analytic_J_v3/N800/summary.json,实际检验/实验记录，采用范围见核验说明
07_数值检验与实验/历史结果/convergence/Q23_final_resolution_v4/convergence_report.json,3283,61d3196279ca86216f9cafacdaef8604526c19e08435df147c79e692ad7a6b14,paper_output/results/convergence/Q23_final_resolution_v4/convergence_report.json,实际检验/实验记录，采用范围见核验说明
07_数值检验与实验/历史结果/convergence/Q23_final_resolution_v4/interruption.json,376,8f863498ed7783c76bf7a64d5915cdc52df8ffd41375bdbe0d8353b36052a57b,paper_output/results/convergence/Q23_final_resolution_v4/interruption.json,实际检验/实验记录，采用范围见核验说明
07_数值检验与实验/历史结果/convergence/Q23_final_resolution_v4/N1600/summary.json,2571,167935676b866fcfa8a9153b09340c33e2b7c444eb241614e5425be0f0ddd327,paper_output/results/convergence/Q23_final_resolution_v4/N1600/summary.json,实际检验/实验记录，采用范围见核验说明
07_数值检验与实验/历史结果/convergence/Q23_final_resolution_v5/convergence_report.json,7673,0fe5a791f3df2dff3b29c0bcc4a0e527da6f7330570f5144c2f573bc4781a579,paper_output/results/convergence/Q23_final_resolution_v5/convergence_report.json,实际检验/实验记录，采用范围见核验说明
07_数值检验与实验/历史结果/convergence/Q23_final_resolution_v5/N1600/summary.json,2926,a1004863fbb185441187618a9aba6a06c21f953ce30c5f53bf23f75c096afb7c,paper_output/results/convergence/Q23_final_resolution_v5/N1600/summary.json,实际检验/实验记录，采用范围见核验说明
07_数值检验与实验/历史结果/convergence/Q23_final_resolution_v5/N3200/summary.json,2914,e84cc8a57fec21565afb4de99ad7d0597d475e483596f2156ba262d9ecdf6683,paper_output/results/convergence/Q23_final_resolution_v5/N3200/summary.json,实际检验/实验记录，采用范围见核验说明
07_数值检验与实验/历史结果/convergence/Q23_K_analytic_J_v3/convergence_report.json,10395,586b6990a2d99c06bde6a039203099a8e3ee6971f76b148316c16fe04044f36e,paper_output/results/convergence/Q23_K_analytic_J_v3/convergence_report.json,实际检验/实验记录，采用范围见核验说明
07_数值检验与实验/历史结果/convergence/Q23_K_analytic_J_v3/N1600/summary.json,2570,d99ed848d0a93ac7fff8cb352460733671ef1789082bb5c85a7817dc0a41f432,paper_output/results/convergence/Q23_K_analytic_J_v3/N1600/summary.json,实际检验/实验记录，采用范围见核验说明
07_数值检验与实验/历史结果/convergence/Q23_K_analytic_J_v3/N400/summary.json,2573,8813078032e6905934357b8412b6da3b05ff9ef6e924750f9948f8c9b2248888,paper_output/results/convergence/Q23_K_analytic_J_v3/N400/summary.json,实际检验/实验记录，采用范围见核验说明
07_数值检验与实验/历史结果/convergence/Q23_K_analytic_J_v3/N800/summary.json,2570,9fe09e647999dd2f54cb738cfea32a12b7cfbb6db367362c97ca45c97c9d4f59,paper_output/results/convergence/Q23_K_analytic_J_v3/N800/summary.json,实际检验/实验记录，采用范围见核验说明
07_数值检验与实验/历史结果/convergence/Q4_final_resolution_v4/convergence_report.json,3270,5096ac5d5dffdb6e18182ab75ebec1a4dba84bfd921159aa57407681ece53362,paper_output/results/convergence/Q4_final_resolution_v4/convergence_report.json,实际检验/实验记录，采用范围见核验说明
07_数值检验与实验/历史结果/convergence/Q4_final_resolution_v4/interruption.json,375,be8153553631b18ec5d6b650b9149439ecefe983029d001302b6f2a5c2539161,paper_output/results/convergence/Q4_final_resolution_v4/interruption.json,实际检验/实验记录，采用范围见核验说明
07_数值检验与实验/历史结果/convergence/Q4_final_resolution_v4/N1600/summary.json,2559,6e86a213c4cde6c61f6abec8678d977da8d052e15bcec12b03d6119b30af7871,paper_output/results/convergence/Q4_final_resolution_v4/N1600/summary.json,实际检验/实验记录，采用范围见核验说明
07_数值检验与实验/历史结果/convergence/Q4_final_resolution_v5/convergence_report.json,11574,2cd0caad1176bfd182b6be0fe564da80081162bad24753e90a97b8eabb0b5a3d,paper_output/results/convergence/Q4_final_resolution_v5/convergence_report.json,实际检验/实验记录，采用范围见核验说明
07_数值检验与实验/历史结果/convergence/Q4_final_resolution_v5/N1600/summary.json,2913,5e93091b6a02a75b444b6e521fbb69eed2e83a15867939d7f5b38ff79cedea1f,paper_output/results/convergence/Q4_final_resolution_v5/N1600/summary.json,实际检验/实验记录，采用范围见核验说明
07_数值检验与实验/历史结果/convergence/Q4_final_resolution_v5/N3200/summary.json,2913,911c390d57f8e515bf213d565cec4bb00d41f018d5c4f8e933418a62c30510af,paper_output/results/convergence/Q4_final_resolution_v5/N3200/summary.json,实际检验/实验记录，采用范围见核验说明
07_数值检验与实验/历史结果/convergence/Q4_final_resolution_v5/N6400/summary.json,2913,d69ac751fb69b8d4b1229a7fb5d0bff9e7a90c0eead0c936715f2d396a5bf0ce,paper_output/results/convergence/Q4_final_resolution_v5/N6400/summary.json,实际检验/实验记录，采用范围见核验说明
07_数值检验与实验/历史结果/convergence/Q4_K_analytic_J_v3/convergence_report.json,10366,67983248d2c147adb9c1d495223e2a39408cba28c5b19e6950cc2df413578392,paper_output/results/convergence/Q4_K_analytic_J_v3/convergence_report.json,实际检验/实验记录，采用范围见核验说明
07_数值检验与实验/历史结果/convergence/Q4_K_analytic_J_v3/N1600/summary.json,2560,443c245cb574611e6413faa164199bb845979efab30be76aef7be792ac6e26f1,paper_output/results/convergence/Q4_K_analytic_J_v3/N1600/summary.json,实际检验/实验记录，采用范围见核验说明
07_数值检验与实验/历史结果/convergence/Q4_K_analytic_J_v3/N400/summary.json,2557,b2739c6ffaac465e5e158fd1973c9d22528aa215af2c219d9a677022c9a6e8ac,paper_output/results/convergence/Q4_K_analytic_J_v3/N400/summary.json,实际检验/实验记录，采用范围见核验说明
07_数值检验与实验/历史结果/convergence/Q4_K_analytic_J_v3/N800/summary.json,2554,d80ace01ebec7729680c78023c8b1d7df6f68499c5afa4ce093030266d71f522,paper_output/results/convergence/Q4_K_analytic_J_v3/N800/summary.json,实际检验/实验记录，采用范围见核验说明
07_数值检验与实验/历史结果/crossvalidation/analytic_metric_v1/analytic_metric.json,1732,2dc9d080b15f2de4ffe9a393066c992773902e6f5ae0a7f34efb92aff8896436,paper_output/results/crossvalidation/analytic_metric_v1/analytic_metric.json,实际检验/实验记录，采用范围见核验说明
07_数值检验与实验/历史结果/crossvalidation/consolidated_v1/crossvalidation_report.json,34779,3bc6b359d86f0bb77805cca4a9114312e71d433f726b81eb869cbc2260bedd3d,paper_output/results/crossvalidation/consolidated_v1/crossvalidation_report.json,实际检验/实验记录，采用范围见核验说明
07_数值检验与实验/历史结果/crossvalidation/cv_solver_v1/cases.json,81082,2ba7893a3afb0b43b117f57375951c557cc77b8b378ad0b72dc0eb7078c0d268,paper_output/results/crossvalidation/cv_solver_v1/cases.json,实际检验/实验记录，采用范围见核验说明
07_数值检验与实验/历史结果/crossvalidation/cv_solver_v1/summary.json,349,cdd0f219ab864115f3f2d7032f672e9b488643b40e95e47f3c8fed643163fc98,paper_output/results/crossvalidation/cv_solver_v1/summary.json,实际检验/实验记录，采用范围见核验说明
07_数值检验与实验/历史结果/crossvalidation/energy_balance_v1/energy_balance.json,31969,00cd0715c6efd6b43fd0c4f200a06365822fb03f7d164a3c04b6ea6ba1bdef2c,paper_output/results/crossvalidation/energy_balance_v1/energy_balance.json,实际检验/实验记录，采用范围见核验说明
07_数值检验与实验/历史结果/crossvalidation/isotherm_closure_v1/isotherm_closure.json,84755,7528cf2deb3b596c4c1877ad291043a3e47c8e96127de03cbb760a2ee63f9c96,paper_output/results/crossvalidation/isotherm_closure_v1/isotherm_closure.json,实际检验/实验记录，采用范围见核验说明
07_数值检验与实验/历史结果/crossvalidation/isotherm_closure_v1/jacobian_probe.json,1032,59e318f415a3f6cf1256d1f1fa7953eb66c1730d5be7d7412be031a152453e4d,paper_output/results/crossvalidation/isotherm_closure_v1/jacobian_probe.json,实际检验/实验记录，采用范围见核验说明
07_数值检验与实验/历史结果/crossvalidation/latent_scenarios_v1/latent_scenarios.json,29791,6a4479bfc5eed1197c83a545f25c0a18e60f0462ec024a4ee1735c15b557c7a0,paper_output/results/crossvalidation/latent_scenarios_v1/latent_scenarios.json,实际检验/实验记录，采用范围见核验说明
07_数值检验与实验/历史结果/crossvalidation/method_v1/method_comparison.json,195088,83fe61738168309af717522bdd0c18357fea2404ecea328a34ccdbce46051510,paper_output/results/crossvalidation/method_v1/method_comparison.json,实际检验/实验记录，采用范围见核验说明
07_数值检验与实验/历史结果/crossvalidation/sensitivity_v1/control.json,477,8bd92131e80f7eb91d78cfd19ee570ba7b6f07160349a2a02d027b66236092b7,paper_output/results/crossvalidation/sensitivity_v1/control.json,实际检验/实验记录，采用范围见核验说明
07_数值检验与实验/历史结果/crossvalidation/sensitivity_v1/dscale.json,2538,0cb0760f472b8d13330983ba0dbe9c7cb065a2e364ae3f3410039fe95ed9e333,paper_output/results/crossvalidation/sensitivity_v1/dscale.json,实际检验/实验记录，采用范围见核验说明
07_数值检验与实验/历史结果/crossvalidation/sensitivity_v1/kscale.json,1989,7cb6fd9bece486efbb42e3807c94e1c7a3b7d2b1ad4fcdc72cf4ba36f021b094,paper_output/results/crossvalidation/sensitivity_v1/kscale.json,实际检验/实验记录，采用范围见核验说明
07_数值检验与实验/历史结果/crossvalidation/sensitivity_v1/morris.json,15594,e53138015a9025d101d216513c5412eed57dee87d882f34624d84ba439873e43,paper_output/results/crossvalidation/sensitivity_v1/morris.json,实际检验/实验记录，采用范围见核验说明
07_数值检验与实验/历史结果/crossvalidation/series_v1/series_crossvalidation.json,707360,4a76c89f8861a8634ed17493fdff72f9866318c83088cf214c7ad45288dcf55a,paper_output/results/crossvalidation/series_v1/series_crossvalidation.json,实际检验/实验记录，采用范围见核验说明
07_数值检验与实验/历史结果/crossvalidation/series_v1/stage_boundaries.csv,349,cd822a48b669e5b774db5a8e1d11f9fb66197cc9aade7bf738122cb2a238286c,paper_output/results/crossvalidation/series_v1/stage_boundaries.csv,实际检验/实验记录，采用范围见核验说明
07_数值检验与实验/历史结果/crossvalidation/series_v1/stage_boundaries.json,1160,722e028850a2e80cde4801d74dec9efbb00b791e3745d427e727c72f643171b0,paper_output/results/crossvalidation/series_v1/stage_boundaries.json,实际检验/实验记录，采用范围见核验说明
07_数值检验与实验/历史结果/crossvalidation/threshold_scaling_v1/threshold_and_scaling_checks.json,3316,81618006e31c5712b7b245fcb5487f3fc0271ab3524270bae82ac64cafc4c4d8,paper_output/results/crossvalidation/threshold_scaling_v1/threshold_and_scaling_checks.json,实际检验/实验记录，采用范围见核验说明
07_数值检验与实验/历史结果/experiments/baseline_Q1_N50/summary.json,2080,4571228aaf62512af5ce8c4597dd4943857c9a27b632f814ed94dacd4c5badf5,paper_output/results/experiments/baseline_Q1_N50/summary.json,实际检验/实验记录，采用范围见核验说明
07_数值检验与实验/历史结果/experiments/baseline_Q1_N50/trial_record.json,912,8312bea975300e4baf33ced6c74964302320982182bf63a10707ddb622bb3537,paper_output/results/experiments/baseline_Q1_N50/trial_record.json,实际检验/实验记录，采用范围见核验说明
07_数值检验与实验/历史结果/experiments/baseline_Q23_N50/summary.json,2130,4477172d4e45d1a0c409aefc25d3a022becc4c458bcec519efa6198d6a796cc5,paper_output/results/experiments/baseline_Q23_N50/summary.json,实际检验/实验记录，采用范围见核验说明
07_数值检验与实验/历史结果/experiments/baseline_Q23_N50/trial_record.json,962,fe94cc0a98e5d6888ca16788c98ac8fdd8cfdfb792908c009d8fd1e3ac4f009d,paper_output/results/experiments/baseline_Q23_N50/trial_record.json,实际检验/实验记录，采用范围见核验说明
07_数值检验与实验/历史结果/experiments/baseline_Q4_N50/summary.json,2094,44a929bfdda92123ab3cb7e11cbc89a85dcf6b01d409d50c6d37897578a2139c,paper_output/results/experiments/baseline_Q4_N50/summary.json,实际检验/实验记录，采用范围见核验说明
07_数值检验与实验/历史结果/experiments/baseline_Q4_N50/trial_record.json,927,ddf2652f2d0f97235b4d2acd1464cfa6912271c8b7d84c6bebacb4b4d376bd68,paper_output/results/experiments/baseline_Q4_N50/trial_record.json,实际检验/实验记录，采用范围见核验说明
07_数值检验与实验/历史结果/experiments/grids_Q1_N100/summary.json,2077,eada032e6b7b754b357a765220218fb69fcd3f43b8c0ca401af3afd2ac5fcd5c,paper_output/results/experiments/grids_Q1_N100/summary.json,实际检验/实验记录，采用范围见核验说明
07_数值检验与实验/历史结果/experiments/grids_Q1_N100/trial_record.json,906,208b717d6c2b3715487461708f2f8ffd102d96beacbc9d9d7133f3dd633de443,paper_output/results/experiments/grids_Q1_N100/trial_record.json,实际检验/实验记录，采用范围见核验说明
07_数值检验与实验/历史结果/experiments/grids_Q1_N100_K/summary.json,2235,97c4e8b7b7f5942b55a180e77f7a4653ee6f33db3a4f6a65bb1dfa56341aff01,paper_output/results/experiments/grids_Q1_N100_K/summary.json,实际检验/实验记录，采用范围见核验说明
07_数值检验与实验/历史结果/experiments/grids_Q1_N100_K/trial_record.json,1031,d16cc346afc718f888e38bc58b0cc54d3edbde24b91f67327a0d7be912c4e5fc,paper_output/results/experiments/grids_Q1_N100_K/trial_record.json,实际检验/实验记录，采用范围见核验说明
07_数值检验与实验/历史结果/experiments/grids_Q1_N200/summary.json,2061,be27f09ddd0760a08e14f7741214a0bb08065bceadfd16acbee448d77920f00d,paper_output/results/experiments/grids_Q1_N200/summary.json,实际检验/实验记录，采用范围见核验说明
07_数值检验与实验/历史结果/experiments/grids_Q1_N200/trial_record.json,890,e229e8a1dc6ea65b58b109363c361b370cfdf587ef8d3d69ac7f2efd3743fdc8,paper_output/results/experiments/grids_Q1_N200/trial_record.json,实际检验/实验记录，采用范围见核验说明
07_数值检验与实验/历史结果/experiments/grids_Q1_N200_K/summary.json,2255,acc2624097c0da95884b83a35594764df2329d7a9e7d9656d535bece246407c5,paper_output/results/experiments/grids_Q1_N200_K/summary.json,实际检验/实验记录，采用范围见核验说明
07_数值检验与实验/历史结果/experiments/grids_Q1_N200_K/trial_record.json,1051,a53c395d5baa13a0e723ada79006bb2a3afc1ddb12d5f297471b8b611d815a8f,paper_output/results/experiments/grids_Q1_N200_K/trial_record.json,实际检验/实验记录，采用范围见核验说明
07_数值检验与实验/历史结果/experiments/grids_Q1_N400/summary.json,2061,fe8085ea1713c26dab87d10d06503cebd6e72331f98aa82768e4d3d689a8596d,paper_output/results/experiments/grids_Q1_N400/summary.json,实际检验/实验记录，采用范围见核验说明
07_数值检验与实验/历史结果/experiments/grids_Q1_N400/trial_record.json,890,357d26b3cf046f3d5326543871097dcb6308bceb30510043960fc16be6cfae28,paper_output/results/experiments/grids_Q1_N400/trial_record.json,实际检验/实验记录，采用范围见核验说明
07_数值检验与实验/历史结果/experiments/grids_Q1_N400_K/summary.json,2253,414a2e122e7a5241d21edec07893b19ef2ea3bd222c03256eb1e2ecb4086c7a6,paper_output/results/experiments/grids_Q1_N400_K/summary.json,实际检验/实验记录，采用范围见核验说明
07_数值检验与实验/历史结果/experiments/grids_Q1_N400_K/trial_record.json,1049,28b655d949ad6b99677c7b4f924559a43859e9217271cfe44bf033fdf7d7d06f,paper_output/results/experiments/grids_Q1_N400_K/trial_record.json,实际检验/实验记录，采用范围见核验说明
07_数值检验与实验/历史结果/experiments/grids_Q1_N50_K/summary.json,2232,e156e29b940a87b1f359c887d6559878f2c79f9a2155fcd2bc5bf489ab184e3d,paper_output/results/experiments/grids_Q1_N50_K/summary.json,实际检验/实验记录，采用范围见核验说明
07_数值检验与实验/历史结果/experiments/grids_Q1_N50_K/trial_record.json,1028,f6551e7a8a675b7e59397c0ac4ee965c56d25a1c862029f8258c02f788fbd845,paper_output/results/experiments/grids_Q1_N50_K/trial_record.json,实际检验/实验记录，采用范围见核验说明
07_数值检验与实验/历史结果/experiments/grids_Q1_N800_K/summary.json,2235,a0aeb20249a97a38ed047d1327baf4497d2490a581012add6027f7ee838f8835,paper_output/results/experiments/grids_Q1_N800_K/summary.json,实际检验/实验记录，采用范围见核验说明
07_数值检验与实验/历史结果/experiments/grids_Q1_N800_K/trial_record.json,1031,b8286a7d5eb8f54e640ba60f0ff4066f678171e11c8fde879788cb609adfb197,paper_output/results/experiments/grids_Q1_N800_K/trial_record.json,实际检验/实验记录，采用范围见核验说明
07_数值检验与实验/历史结果/experiments/grids_Q23_N100/summary.json,2100,304165a40811336971ab424e3f1cfe23f29474c6505fa1055242382d1dce76a1,paper_output/results/experiments/grids_Q23_N100/summary.json,实际检验/实验记录，采用范围见核验说明
07_数值检验与实验/历史结果/experiments/grids_Q23_N100/trial_record.json,929,1d467d95f1177916e9f5b8da2f68f5fa5612832ceaa136c3df06c86649cb6389,paper_output/results/experiments/grids_Q23_N100/trial_record.json,实际检验/实验记录，采用范围见核验说明
07_数值检验与实验/历史结果/experiments/grids_Q23_N100_K/summary.json,2273,876a21773ada6efb87e8d93eef01e3f2dbb0ad67849db5c11eebf95363f5e114,paper_output/results/experiments/grids_Q23_N100_K/summary.json,实际检验/实验记录，采用范围见核验说明
07_数值检验与实验/历史结果/experiments/grids_Q23_N100_K/trial_record.json,1069,de09a5bb86a3fcec9c31343cf27cbccdd7ec9bf9c20aa2bd3aee21c0c031c545,paper_output/results/experiments/grids_Q23_N100_K/trial_record.json,实际检验/实验记录，采用范围见核验说明
07_数值检验与实验/历史结果/experiments/grids_Q23_N200/summary.json,2097,6115b953aea2401f4942379bead7d7bd9fca6ba73c1c212f6aa9f6b2e39aeda4,paper_output/results/experiments/grids_Q23_N200/summary.json,实际检验/实验记录，采用范围见核验说明
07_数值检验与实验/历史结果/experiments/grids_Q23_N200/trial_record.json,926,6db058de6ab5fa94b2da8a8fab29b4624ceb7fca73032007c3295b9f1c6d2ed8,paper_output/results/experiments/grids_Q23_N200/trial_record.json,实际检验/实验记录，采用范围见核验说明
07_数值检验与实验/历史结果/experiments/grids_Q23_N200_K/summary.json,2272,44cc35c90923e35bea306e39362511649b97b665a0e85612748ea3687a8911ad,paper_output/results/experiments/grids_Q23_N200_K/summary.json,实际检验/实验记录，采用范围见核验说明
07_数值检验与实验/历史结果/experiments/grids_Q23_N200_K/trial_record.json,1068,e6d7ff4b68b0d1e49396b837052a8b8e22432ddbeea2729feb256d904a6949aa,paper_output/results/experiments/grids_Q23_N200_K/trial_record.json,实际检验/实验记录，采用范围见核验说明
07_数值检验与实验/历史结果/experiments/grids_Q23_N400/summary.json,2100,7fdc817c1ccfdfb214a6f93749393199722dab64e5ed7b467817013673ddfc31,paper_output/results/experiments/grids_Q23_N400/summary.json,实际检验/实验记录，采用范围见核验说明
07_数值检验与实验/历史结果/experiments/grids_Q23_N400/trial_record.json,929,a70c0bf0682373982a6d9e75af3589b98da65799f0af51d53c3301e334d362af,paper_output/results/experiments/grids_Q23_N400/trial_record.json,实际检验/实验记录，采用范围见核验说明
07_数值检验与实验/历史结果/experiments/grids_Q23_N400_K/summary.json,2290,8b1c3e1c775bbd2445b98d84992c2c0b13f389dbe1bc75ee96f2ce317eadad78,paper_output/results/experiments/grids_Q23_N400_K/summary.json,实际检验/实验记录，采用范围见核验说明
07_数值检验与实验/历史结果/experiments/grids_Q23_N400_K/trial_record.json,1086,6b60dcdd8be660c472bc12b725a37e218c14769a34072c7eaf9176b5d5715d35,paper_output/results/experiments/grids_Q23_N400_K/trial_record.json,实际检验/实验记录，采用范围见核验说明
07_数值检验与实验/历史结果/experiments/grids_Q23_N50_K/summary.json,2302,d963c0e0a7852ed95d2524acb27c57c30dbaf3c3ca6cf0693131f2a6009b7bf0,paper_output/results/experiments/grids_Q23_N50_K/summary.json,实际检验/实验记录，采用范围见核验说明
07_数值检验与实验/历史结果/experiments/grids_Q23_N50_K/trial_record.json,1098,ff094719a647ce338aefaa97ff2a8e5b0b9c1abf1ef8c15ddced1dbecf635763,paper_output/results/experiments/grids_Q23_N50_K/trial_record.json,实际检验/实验记录，采用范围见核验说明
07_数值检验与实验/历史结果/experiments/grids_Q23_N800_K/summary.json,2273,2c638caeb6f0ef536853b70da1e2bb0105dc213b6047e955121b016c1cacd58c,paper_output/results/experiments/grids_Q23_N800_K/summary.json,实际检验/实验记录，采用范围见核验说明
07_数值检验与实验/历史结果/experiments/grids_Q23_N800_K/trial_record.json,1069,8aa46683fd1d937b8a83ad8732450b5e76abf039798929effadd027b176c7e1d,paper_output/results/experiments/grids_Q23_N800_K/trial_record.json,实际检验/实验记录，采用范围见核验说明
07_数值检验与实验/历史结果/experiments/grids_Q4_N100/summary.json,2131,877292ec0ce92a9089ab6aba16604a4ea83a71216fa7eaf230f85e8777a79768,paper_output/results/experiments/grids_Q4_N100/summary.json,实际检验/实验记录，采用范围见核验说明
07_数值检验与实验/历史结果/experiments/grids_Q4_N100/trial_record.json,961,3707e41ec986dc99cb420207005d4fb9f17baeea89fd71bff41b4a3aead77324,paper_output/results/experiments/grids_Q4_N100/trial_record.json,实际检验/实验记录，采用范围见核验说明
07_数值检验与实验/历史结果/experiments/grids_Q4_N100_K/summary.json,2305,c31c35fe24f5b53917eaa1fe6f2cb53dd148f148fda9abb634fa2f75b01b6f44,paper_output/results/experiments/grids_Q4_N100_K/summary.json,实际检验/实验记录，采用范围见核验说明
07_数值检验与实验/历史结果/experiments/grids_Q4_N100_K/trial_record.json,1102,c61f43d92909b0e0ab5fc27f3d5d11cce67198af04f8eeff0b409caf50504d4c,paper_output/results/experiments/grids_Q4_N100_K/trial_record.json,实际检验/实验记录，采用范围见核验说明
07_数值检验与实验/历史结果/experiments/grids_Q4_N200/summary.json,2117,b54683c270d27be9f10b6a3253201ee79fef4567dec9ff528be2090acf0ba0de,paper_output/results/experiments/grids_Q4_N200/summary.json,实际检验/实验记录，采用范围见核验说明
07_数值检验与实验/历史结果/experiments/grids_Q4_N200/trial_record.json,947,912c693d125f25c842bee28c1a1133c231948ffa610554216a67d063641f34fe,paper_output/results/experiments/grids_Q4_N200/trial_record.json,实际检验/实验记录，采用范围见核验说明
07_数值检验与实验/历史结果/experiments/grids_Q4_N200_K/summary.json,2304,cf28eb6fdfb9debcc69cdec79413c91e819c40a30e0330b4914c78b78c63006c,paper_output/results/experiments/grids_Q4_N200_K/summary.json,实际检验/实验记录，采用范围见核验说明
07_数值检验与实验/历史结果/experiments/grids_Q4_N200_K/trial_record.json,1101,5d5eb0be07ac94e7d41a3d32dd6eb1bfa6559b2aa2a017b0a61c63327123d7e3,paper_output/results/experiments/grids_Q4_N200_K/trial_record.json,实际检验/实验记录，采用范围见核验说明
07_数值检验与实验/历史结果/experiments/grids_Q4_N400/summary.json,2115,9b2b37bf3d532ec49af849aecbd802028e7c3242bcfafd35c07fc0a51399d591,paper_output/results/experiments/grids_Q4_N400/summary.json,实际检验/实验记录，采用范围见核验说明
07_数值检验与实验/历史结果/experiments/grids_Q4_N400/trial_record.json,945,10b8b9d7b4ddcb3709d51d4554ce3f02eb1cdff1c01230b38981abf1efc393b0,paper_output/results/experiments/grids_Q4_N400/trial_record.json,实际检验/实验记录，采用范围见核验说明
07_数值检验与实验/历史结果/experiments/grids_Q4_N400_K/summary.json,2289,2ca5c2fd3ccf548653f407d2ccb3936d724557cd6281365f5438bfd17a05174d,paper_output/results/experiments/grids_Q4_N400_K/summary.json,实际检验/实验记录，采用范围见核验说明
07_数值检验与实验/历史结果/experiments/grids_Q4_N400_K/trial_record.json,1086,aaf557aeb122deabe3ea7e36d284ba7168b8a9dc8094dc04c93e3ff64ecd6b79,paper_output/results/experiments/grids_Q4_N400_K/trial_record.json,实际检验/实验记录，采用范围见核验说明
07_数值检验与实验/历史结果/experiments/grids_Q4_N50_K/summary.json,2271,0bb7edeeeca3f3eafd4ebb8482d5a729af3e01b448245dff659a529101a6e16e,paper_output/results/experiments/grids_Q4_N50_K/summary.json,实际检验/实验记录，采用范围见核验说明
07_数值检验与实验/历史结果/experiments/grids_Q4_N50_K/trial_record.json,1068,98bcfcae7c21d113ff76eccc36deeeed1bc44fa7e4130fcc028562f70f06ca71,paper_output/results/experiments/grids_Q4_N50_K/trial_record.json,实际检验/实验记录，采用范围见核验说明
07_数值检验与实验/历史结果/experiments/grids_Q4_N800_K/summary.json,2289,b75927f9f08f46a783e38929359ed80571aeea4638c867af4432ce29d22bbc54,paper_output/results/experiments/grids_Q4_N800_K/summary.json,实际检验/实验记录，采用范围见核验说明
07_数值检验与实验/历史结果/experiments/grids_Q4_N800_K/trial_record.json,1086,8822a1657303fda9ec020ca058925b3c6722218f709433b925003cdc28023d25,paper_output/results/experiments/grids_Q4_N800_K/trial_record.json,实际检验/实验记录，采用范围见核验说明
07_数值检验与实验/历史结果/experiments/manuscript_revision_20260912_log_review.json,106129,e0d06ec2585357922d2069066e1e1d967e9010b697d5dc5d0ab22f2b75645654,paper_output/results/experiments/manuscript_revision_20260912_log_review.json,实际检验/实验记录，采用范围见核验说明
07_数值检验与实验/历史结果/experiments/physical_Q23_beta08_N200_K/summary.json,2279,f7b5fcb5af0ae54af09cacc8ef481fa6fdad2feca54ac55371f882a9f80369ab,paper_output/results/experiments/physical_Q23_beta08_N200_K/summary.json,实际检验/实验记录，采用范围见核验说明
07_数值检验与实验/历史结果/experiments/physical_Q23_beta08_N200_K/trial_record.json,1083,36933de4c120e06bd9a5a1e4d5744495194f09738a8409682e2829882ca93393,paper_output/results/experiments/physical_Q23_beta08_N200_K/trial_record.json,实际检验/实验记录，采用范围见核验说明
07_数值检验与实验/历史结果/experiments/physical_Q23_beta12_N200_K/summary.json,2273,807894a1e8959e5464c8be0b2c4c38e0831c0863d542528bfaacf6fe0f5fc19e,paper_output/results/experiments/physical_Q23_beta12_N200_K/summary.json,实际检验/实验记录，采用范围见核验说明
07_数值检验与实验/历史结果/experiments/physical_Q23_beta12_N200_K/trial_record.json,1077,0ef3d4cecba815ed5f792cbc1cf07fa91a3edfe369c1d49aadec4ce75995654b,paper_output/results/experiments/physical_Q23_beta12_N200_K/trial_record.json,实际检验/实验记录，采用范围见核验说明
07_数值检验与实验/历史结果/experiments/physical_Q23_eq045_N200_K/summary.json,2275,b54e9f9ffdd3aba8e834a8005a211b45643bccfcc57e32f942bf52840276c177,paper_output/results/experiments/physical_Q23_eq045_N200_K/summary.json,实际检验/实验记录，采用范围见核验说明
07_数值检验与实验/历史结果/experiments/physical_Q23_eq045_N200_K/trial_record.json,1079,bfb5390b2a2a4bd0b683c0bdcc192d89aa10ceb4fddce2634322bbdd226ca7d3,paper_output/results/experiments/physical_Q23_eq045_N200_K/trial_record.json,实际检验/实验记录，采用范围见核验说明
07_数值检验与实验/历史结果/experiments/physical_Q23_eq055_N200_K/summary.json,2275,b0e12353368eb9c68a8e06b6f809012b7cde54e0b90f9b1aedfde0dc11e2f0ba,paper_output/results/experiments/physical_Q23_eq055_N200_K/summary.json,实际检验/实验记录，采用范围见核验说明
07_数值检验与实验/历史结果/experiments/physical_Q23_eq055_N200_K/trial_record.json,1079,bfed0d6265f008a24c14cc530de273d495932850752c7762483b14e8ce61fd2c,paper_output/results/experiments/physical_Q23_eq055_N200_K/trial_record.json,实际检验/实验记录，采用范围见核验说明
07_数值检验与实验/历史结果/experiments/physical_Q23_last_N200_K/summary.json,2275,6d8b0c77712d0e3fbcaada21092b676f5e0f8a6c51790d0ae81a9a7c1f7cd872,paper_output/results/experiments/physical_Q23_last_N200_K/summary.json,实际检验/实验记录，采用范围见核验说明
07_数值检验与实验/历史结果/experiments/physical_Q23_last_N200_K/trial_record.json,1082,8c3732fa5a4d5cda0a1922f5094c0ce51ecbf6550e44604b96302153bea574db,paper_output/results/experiments/physical_Q23_last_N200_K/trial_record.json,实际检验/实验记录，采用范围见核验说明
07_数值检验与实验/历史结果/experiments/physical_Q23_latent_N200_K/summary.json,2304,deddf7c77145aabe12189516a5e08a050b18be07d319aaf58c8c19ff69efbacc,paper_output/results/experiments/physical_Q23_latent_N200_K/summary.json,实际检验/实验记录，采用范围见核验说明
07_数值检验与实验/历史结果/experiments/physical_Q23_latent_N200_K/trial_record.json,1110,6d16072f56deadd12a4f972564c49ddfee9494a8bc56419c46585efe6f8c71fb,paper_output/results/experiments/physical_Q23_latent_N200_K/trial_record.json,实际检验/实验记录，采用范围见核验说明
07_数值检验与实验/历史结果/experiments/physical_Q23_mean_N200_K/summary.json,2277,7ed7a595cb09cae7898c138774afe069d3407d5942457236c0f3943823bec98d,paper_output/results/experiments/physical_Q23_mean_N200_K/summary.json,实际检验/实验记录，采用范围见核验说明
07_数值检验与实验/历史结果/experiments/physical_Q23_mean_N200_K/trial_record.json,1079,40bd9edfaa6cdd8994f07087a29e09172b644dc3a711c4dd8701951b196c52bc,paper_output/results/experiments/physical_Q23_mean_N200_K/trial_record.json,实际检验/实验记录，采用范围见核验说明
07_数值检验与实验/历史结果/experiments/physical_Q23_T49_N200_K/summary.json,2277,e3a3a215775e185b6116d5f77570c4e16b49b7cd3478702ae23735352ecd1589,paper_output/results/experiments/physical_Q23_T49_N200_K/summary.json,实际检验/实验记录，采用范围见核验说明
07_数值检验与实验/历史结果/experiments/physical_Q23_T49_N200_K/trial_record.json,1080,287cf978cd9561e4e48fb98ffd7b5e7ae740fb753690a01e9aebc15b32ebdb49,paper_output/results/experiments/physical_Q23_T49_N200_K/trial_record.json,实际检验/实验记录，采用范围见核验说明
07_数值检验与实验/历史结果/experiments/physical_Q23_T51_N200_K/summary.json,2272,ebc79060152214345af4381439d81c2e818040c89f0bb74b1a67e02b51e3d2b9,paper_output/results/experiments/physical_Q23_T51_N200_K/summary.json,实际检验/实验记录，采用范围见核验说明
07_数值检验与实验/历史结果/experiments/physical_Q23_T51_N200_K/trial_record.json,1075,b72fecc85d87ea6bad560f486404f3ebaee5e275cd94a3a555b378fe770138f1,paper_output/results/experiments/physical_Q23_T51_N200_K/trial_record.json,实际检验/实验记录，采用范围见核验说明
07_数值检验与实验/历史结果/experiments/physical_Q4_fixed_N200_K/summary.json,2303,251f974f4995f12bb6161f933bb45103935de9cfe83e841884f453097aaa1483,paper_output/results/experiments/physical_Q4_fixed_N200_K/summary.json,实际检验/实验记录，采用范围见核验说明
07_数值检验与实验/历史结果/experiments/physical_Q4_fixed_N200_K/trial_record.json,1108,721aece2e609b9739b7f2669e685a5ab5798c74948dac9dd8e0c34956ebf10c5,paper_output/results/experiments/physical_Q4_fixed_N200_K/trial_record.json,实际检验/实验记录，采用范围见核验说明
07_数值检验与实验/历史结果/experiments/physical_Q4_latent_N200_K/summary.json,2315,fa4a372457fad5b17dfbc9bd3d1ef0563f6982ae279e463a93d2ae4b826a118a,paper_output/results/experiments/physical_Q4_latent_N200_K/summary.json,实际检验/实验记录，采用范围见核验说明
07_数值检验与实验/历史结果/experiments/physical_Q4_latent_N200_K/trial_record.json,1122,8c20671f920d18e0504e0162cc3bc164d1ec122429a8e40e77d66151d18402f0,paper_output/results/experiments/physical_Q4_latent_N200_K/trial_record.json,实际检验/实验记录，采用范围见核验说明
07_数值检验与实验/历史结果/experiments/physical_Q4_T49_N200_K/summary.json,2305,fa4681c4205f2744d069c6a943875cd4937ec5227f192c723609df6c663b8659,paper_output/results/experiments/physical_Q4_T49_N200_K/summary.json,实际检验/实验记录，采用范围见核验说明
07_数值检验与实验/历史结果/experiments/physical_Q4_T49_N200_K/trial_record.json,1109,beb8482642202578735896edb7f098415465a2768dbce56fc1f359e65f42beb2,paper_output/results/experiments/physical_Q4_T49_N200_K/trial_record.json,实际检验/实验记录，采用范围见核验说明
07_数值检验与实验/历史结果/experiments/physical_Q4_T51_N200_K/summary.json,2304,396673cbc920879faec2d4ca2a7aade89f5308319d705958f8db9de715f22f32,paper_output/results/experiments/physical_Q4_T51_N200_K/summary.json,实际检验/实验记录，采用范围见核验说明
07_数值检验与实验/历史结果/experiments/physical_Q4_T51_N200_K/trial_record.json,1108,2bfea36222735dc1d4f352d3d4448d3af7baefda8e191644f598aab9d44e7d8c,paper_output/results/experiments/physical_Q4_T51_N200_K/trial_record.json,实际检验/实验记录，采用范围见核验说明
07_数值检验与实验/历史结果/experiments/temporal_Q23_tight_N400_K/summary.json,2306,858c7b724ede72952c4a2d28f8e6e8b4f0470315b583e7d716bea88afbc95f53,paper_output/results/experiments/temporal_Q23_tight_N400_K/summary.json,实际检验/实验记录，采用范围见核验说明
07_数值检验与实验/历史结果/experiments/temporal_Q23_tight_N400_K/trial_record.json,1111,4b82a806549740cfbec08f5adda9543b353e78e61b2b8575fd1d569f8e41b6e1,paper_output/results/experiments/temporal_Q23_tight_N400_K/trial_record.json,实际检验/实验记录，采用范围见核验说明
07_数值检验与实验/历史结果/experiments/temporal_Q4_tight_N400_K/summary.json,2304,a9b114d4a186b370523013e729787a126a41ed32c74d25b7b7af4b3ec694a92d,paper_output/results/experiments/temporal_Q4_tight_N400_K/summary.json,实际检验/实验记录，采用范围见核验说明
07_数值检验与实验/历史结果/experiments/temporal_Q4_tight_N400_K/trial_record.json,1110,9334205113d6f96fb47f870a7b32bbac7861c713ef7137e7640700bb592359ac,paper_output/results/experiments/temporal_Q4_tight_N400_K/trial_record.json,实际检验/实验记录，采用范围见核验说明
07_数值检验与实验/历史结果/experiments/trials.jsonl,39773,63d7cf918c45e77eec5cffcca9d7cd54238a79eacc5271ec694d1b04f54a9110,paper_output/results/experiments/trials.jsonl,实际检验/实验记录，采用范围见核验说明
07_数值检验与实验/历史结果/jacobian_validation/analytic_jacobian_selftest.json,447915,d21daceaba5259499b3fbf12b5ea7025ecefc3e4b462c638c8e8e826c04337b8,paper_output/results/jacobian_validation/analytic_jacobian_selftest.json,实际检验/实验记录，采用范围见核验说明
07_数值检验与实验/历史结果/jacobian_validation/integrated_v3/analytic_jacobian_selftest.json,451106,78b59ffa5d63d6b443abc74068724a1decfd28322674950781df9869e7685c78,paper_output/results/jacobian_validation/integrated_v3/analytic_jacobian_selftest.json,实际检验/实验记录，采用范围见核验说明
07_数值检验与实验/历史结果/jacobian_validation/integrated_v4/analytic_jacobian_selftest.json,451106,77a27ab8b102306e2d64fc54cf28f91706432f4f7a22020752164b44c43403ee,paper_output/results/jacobian_validation/integrated_v4/analytic_jacobian_selftest.json,实际检验/实验记录，采用范围见核验说明
07_数值检验与实验/历史结果/time_accuracy/final_v6/baseline/case_record.json,6471,05ddc65b07149ab02789d44666ec003ae16cd56f8187d23cba56c375919dc0dd,paper_output/results/time_accuracy/final_v6/baseline/case_record.json,实际检验/实验记录，采用范围见核验说明
07_数值检验与实验/历史结果/time_accuracy/final_v6/baseline/process_result.json,769,b68763569f33718e449cf686be87482d4dd80adba35f028a2a362bbee216c9d7,paper_output/results/time_accuracy/final_v6/baseline/process_result.json,实际检验/实验记录，采用范围见核验说明
07_数值检验与实验/历史结果/time_accuracy/final_v6/baseline/summary.json,3438,1664b026f7206e085b8843b592ad708de81be4ee52aad3fbdf2d59c7c05a91bf,paper_output/results/time_accuracy/final_v6/baseline/summary.json,实际检验/实验记录，采用范围见核验说明
07_数值检验与实验/历史结果/time_accuracy/final_v6/baseline/worker_started.json,75,48c5555f41b2801a4dd26d78750144a12720e64b4a0d36999cabfc4def87609f,paper_output/results/time_accuracy/final_v6/baseline/worker_started.json,实际检验/实验记录，采用范围见核验说明
07_数值检验与实验/历史结果/time_accuracy/final_v6/baseline/worker_success.json,7661,497cb3c45dc73dccb03acebb780d595bfbd4fa4cfbde447bcf2e6f2416dc36d6,paper_output/results/time_accuracy/final_v6/baseline/worker_success.json,实际检验/实验记录，采用范围见核验说明
07_数值检验与实验/历史结果/time_accuracy/final_v6/launch.json,3480,441b8633a8b247476bf8541e11cd76739c4fefb904e0c5701367a62b4e88dc3c,paper_output/results/time_accuracy/final_v6/launch.json,实际检验/实验记录，采用范围见核验说明
07_数值检验与实验/历史结果/time_accuracy/final_v6/tight/case_record.json,6444,d8bd0033ee955b30ca7b1e31d0cbd8b1e549f39346a537ca425bc867c67cb38d,paper_output/results/time_accuracy/final_v6/tight/case_record.json,实际检验/实验记录，采用范围见核验说明
07_数值检验与实验/历史结果/time_accuracy/final_v6/tight/process_result.json,763,3fd9a663f1498ffb24a86c8472c1b3c3300ad86c89871e9de710860819d06578,paper_output/results/time_accuracy/final_v6/tight/process_result.json,实际检验/实验记录，采用范围见核验说明
07_数值检验与实验/历史结果/time_accuracy/final_v6/tight/summary.json,3445,572044266116eec9ca99c451b98e78706e95360f645474a96a9a42359ae51849,paper_output/results/time_accuracy/final_v6/tight/summary.json,实际检验/实验记录，采用范围见核验说明
07_数值检验与实验/历史结果/time_accuracy/final_v6/tight/worker_started.json,75,c64fcce3565ad85869f4a70b8a92588862d86179d3347481da0ba06ff4f3511e,paper_output/results/time_accuracy/final_v6/tight/worker_started.json,实际检验/实验记录，采用范围见核验说明
07_数值检验与实验/历史结果/time_accuracy/final_v6/tight/worker_success.json,7653,5d2c1834e4b92bc1390bd70d19c6500240754183d25e137980cb1338cc7b9447,paper_output/results/time_accuracy/final_v6/tight/worker_success.json,实际检验/实验记录，采用范围见核验说明
07_数值检验与实验/历史结果/time_accuracy/final_v6/time_accuracy_report.json,19785,dde52f061683bd6e6bb592d7074d75f4a449fc31b787b8945ee9f49faf2990a5,paper_output/results/time_accuracy/final_v6/time_accuracy_report.json,实际检验/实验记录，采用范围见核验说明
07_数值检验与实验/历史结果/time_accuracy/final_v6_Q23/baseline/case_record.json,6564,29c7c55b42c05c2076f637de91d60b95264e138d2f8c3c2d9c7edf521dcf5338,paper_output/results/time_accuracy/final_v6_Q23/baseline/case_record.json,实际检验/实验记录，采用范围见核验说明
07_数值检验与实验/历史结果/time_accuracy/final_v6_Q23/baseline/process_result.json,779,b21d282640649ec4701e513a7545c2b79edf7673696cf34375931bbad2ced432,paper_output/results/time_accuracy/final_v6_Q23/baseline/process_result.json,实际检验/实验记录，采用范围见核验说明
07_数值检验与实验/历史结果/time_accuracy/final_v6_Q23/baseline/summary.json,3486,09b8c7f64bdcb853e40ead3123a3683e43465f771a651f013d71d929c54b58b0,paper_output/results/time_accuracy/final_v6_Q23/baseline/summary.json,实际检验/实验记录，采用范围见核验说明
07_数值检验与实验/历史结果/time_accuracy/final_v6_Q23/baseline/worker_started.json,75,fe545d4385b4f23d076cdeda4b1daf452fa896bd5d48abd1d90f920cdc5f6785,paper_output/results/time_accuracy/final_v6_Q23/baseline/worker_started.json,实际检验/实验记录，采用范围见核验说明
07_数值检验与实验/历史结果/time_accuracy/final_v6_Q23/baseline/worker_success.json,7730,6e56d531639196467fd64391b103aa4c65069a1b6f840ef5f056fd604ce8e66d,paper_output/results/time_accuracy/final_v6_Q23/baseline/worker_success.json,实际检验/实验记录，采用范围见核验说明
07_数值检验与实验/历史结果/time_accuracy/final_v6_Q23/launch.json,3481,f7f34884b75004e4de62646e064bdc222b6b78d264e7b95aa661deb5fd232d98,paper_output/results/time_accuracy/final_v6_Q23/launch.json,实际检验/实验记录，采用范围见核验说明
07_数值检验与实验/历史结果/time_accuracy/final_v6_Q23/tight/case_record.json,6539,ed945977b7280ccabc5cd460befc803d33a7accd7227b06eac1aed82d2dc7234,paper_output/results/time_accuracy/final_v6_Q23/tight/case_record.json,实际检验/实验记录，采用范围见核验说明
07_数值检验与实验/历史结果/time_accuracy/final_v6_Q23/tight/process_result.json,773,1df3c86eee2941395e8468c8d9c1a8ce7d44bf485820c72934e4f9487e0c4abf,paper_output/results/time_accuracy/final_v6_Q23/tight/process_result.json,实际检验/实验记录，采用范围见核验说明
07_数值检验与实验/历史结果/time_accuracy/final_v6_Q23/tight/summary.json,3495,ec67a2abce0f4333057b04bb32fb92b24cbd653ac3336d73347bbc5c17a7301b,paper_output/results/time_accuracy/final_v6_Q23/tight/summary.json,实际检验/实验记录，采用范围见核验说明
07_数值检验与实验/历史结果/time_accuracy/final_v6_Q23/tight/worker_started.json,75,27860af625e33fd9b6f5cc003ddac16f62a008327e66925e5f704b1850b877ba,paper_output/results/time_accuracy/final_v6_Q23/tight/worker_started.json,实际检验/实验记录，采用范围见核验说明
07_数值检验与实验/历史结果/time_accuracy/final_v6_Q23/tight/worker_success.json,7724,e8d8aabaddb250a8e394371d2bc83a5ab4747afc288572ca6b7072615a3c132e,paper_output/results/time_accuracy/final_v6_Q23/tight/worker_success.json,实际检验/实验记录，采用范围见核验说明
07_数值检验与实验/历史结果/time_accuracy/final_v6_Q23/time_accuracy_report.json,20041,8dc0ccb6567a195f46449f6bb70448d4f5810123eac2eda40e0eccce1bb47d7b,paper_output/results/time_accuracy/final_v6_Q23/time_accuracy_report.json,实际检验/实验记录，采用范围见核验说明
07_数值检验与实验/历史结果/time_accuracy/final_v6_Q4/baseline/case_record.json,6550,6283579ce6b76974d24c44a75fc8062e09afa138c8dc99152d1c37404c7d126b,paper_output/results/time_accuracy/final_v6_Q4/baseline/case_record.json,实际检验/实验记录，采用范围见核验说明
07_数值检验与实验/历史结果/time_accuracy/final_v6_Q4/baseline/process_result.json,775,8f5147c319a958df8ab90ee9e6e956b54d4d7730d67bb8e0ab7a205e3fc5fac1,paper_output/results/time_accuracy/final_v6_Q4/baseline/process_result.json,实际检验/实验记录，采用范围见核验说明
07_数值检验与实验/历史结果/time_accuracy/final_v6_Q4/baseline/summary.json,3484,558c36a772b0aaaacf44497472a20c42fc9b77d5a5a9b447fe5140b125841849,paper_output/results/time_accuracy/final_v6_Q4/baseline/summary.json,实际检验/实验记录，采用范围见核验说明
07_数值检验与实验/历史结果/time_accuracy/final_v6_Q4/baseline/worker_started.json,75,50c26b8614712dfd5d601dc58c78a5a56343faf224b611e6373fce7559cf21d5,paper_output/results/time_accuracy/final_v6_Q4/baseline/worker_started.json,实际检验/实验记录，采用范围见核验说明
07_数值检验与实验/历史结果/time_accuracy/final_v6_Q4/baseline/worker_success.json,7722,d554b51ee58828571e5f9fd9a88a0b87ba41ff0a11b3d996fc9d99abf77ae66c,paper_output/results/time_accuracy/final_v6_Q4/baseline/worker_success.json,实际检验/实验记录，采用范围见核验说明
07_数值检验与实验/历史结果/time_accuracy/final_v6_Q4/launch.json,3480,3c13b703a451b0852b3bd82b68dea609564b2b994ed1a9c2ffc409ca517a5236,paper_output/results/time_accuracy/final_v6_Q4/launch.json,实际检验/实验记录，采用范围见核验说明
07_数值检验与实验/历史结果/time_accuracy/final_v6_Q4/tight/case_record.json,6521,69291784499cbef592e4f7006fcce2de249a40299673200dfad7a0187e8ffc1d,paper_output/results/time_accuracy/final_v6_Q4/tight/case_record.json,实际检验/实验记录，采用范围见核验说明
07_数值检验与实验/历史结果/time_accuracy/final_v6_Q4/tight/process_result.json,769,9690580e65a0a1ecb144c6cbe1cf399c1271004a3642f8724bdbd4e460b1eb02,paper_output/results/time_accuracy/final_v6_Q4/tight/process_result.json,实际检验/实验记录，采用范围见核验说明
07_数值检验与实验/历史结果/time_accuracy/final_v6_Q4/tight/summary.json,3489,e2d34d06e32e803182b96bfd526771a21a836c45d24fdab6cbb6bfee272ea77a,paper_output/results/time_accuracy/final_v6_Q4/tight/summary.json,实际检验/实验记录，采用范围见核验说明
07_数值检验与实验/历史结果/time_accuracy/final_v6_Q4/tight/worker_started.json,75,f57109c8ecf013dd25829f94c2ae5a748d156a865d3c0fab366e87489dbb50d8,paper_output/results/time_accuracy/final_v6_Q4/tight/worker_started.json,实际检验/实验记录，采用范围见核验说明
07_数值检验与实验/历史结果/time_accuracy/final_v6_Q4/tight/worker_success.json,7712,d4734ef7e264d8e3fe2dd096952d4e895f35b14d988aede790ab7cff31bfd3dc,paper_output/results/time_accuracy/final_v6_Q4/tight/worker_success.json,实际检验/实验记录，采用范围见核验说明
07_数值检验与实验/历史结果/time_accuracy/final_v6_Q4/time_accuracy_report.json,20016,b80c94eb85a6a0cf207e1014c9e7bb781026d1e041722f63da1e38a8730f0f09,paper_output/results/time_accuracy/final_v6_Q4/time_accuracy_report.json,实际检验/实验记录，采用范围见核验说明
07_数值检验与实验/历史结果/time_accuracy/Q1_N20_driver_functional_20260910/baseline/case_record.json,6686,45291fd3e38da9ba1a7f42987166916598eadd51fbc3d41d6e9eb3c4d6399297,paper_output/results/time_accuracy/Q1_N20_driver_functional_20260910/baseline/case_record.json,实际检验/实验记录，采用范围见核验说明
07_数值检验与实验/历史结果/time_accuracy/Q1_N20_driver_functional_20260910/baseline/process_result.json,815,e30190f54fb2aa4fda60515fee5a9b523bacfb36dae64d06a957cc34364a29c1,paper_output/results/time_accuracy/Q1_N20_driver_functional_20260910/baseline/process_result.json,实际检验/实验记录，采用范围见核验说明
07_数值检验与实验/历史结果/time_accuracy/Q1_N20_driver_functional_20260910/baseline/summary.json,3407,756b2c0d04d31651244f5c151cea7cca6a11d4b2634a8b1d1f64f4db177c7522,paper_output/results/time_accuracy/Q1_N20_driver_functional_20260910/baseline/summary.json,实际检验/实验记录，采用范围见核验说明
07_数值检验与实验/历史结果/time_accuracy/Q1_N20_driver_functional_20260910/baseline/worker_started.json,75,ea45a31a1de666387a1a1c7376fa70be7998689444d086bf659fad76fbab2493,paper_output/results/time_accuracy/Q1_N20_driver_functional_20260910/baseline/worker_started.json,实际检验/实验记录，采用范围见核验说明
07_数值检验与实验/历史结果/time_accuracy/Q1_N20_driver_functional_20260910/baseline/worker_success.json,7731,789a823c3a74e51a285b4cbecd13f23617247fafa157685c108b46bf406b0a68,paper_output/results/time_accuracy/Q1_N20_driver_functional_20260910/baseline/worker_success.json,实际检验/实验记录，采用范围见核验说明
07_数值检验与实验/历史结果/time_accuracy/Q1_N20_driver_functional_20260910/launch.json,3478,0db469fbf60f3910af632337a43c8ebcb633c03f61a01fab5f192e171d0ddaf1,paper_output/results/time_accuracy/Q1_N20_driver_functional_20260910/launch.json,实际检验/实验记录，采用范围见核验说明
07_数值检验与实验/历史结果/time_accuracy/Q1_N20_driver_functional_20260910/tight/case_record.json,6657,0cd197e52d5cae8230bc6a7e8be3b7426be92066acd81580a9c2139cd72c7b0f,paper_output/results/time_accuracy/Q1_N20_driver_functional_20260910/tight/case_record.json,实际检验/实验记录，采用范围见核验说明
07_数值检验与实验/历史结果/time_accuracy/Q1_N20_driver_functional_20260910/tight/process_result.json,809,5e7e8182bc10395abd6cb3085dc418cc88e49421b802c87d62d2e06a13fa358c,paper_output/results/time_accuracy/Q1_N20_driver_functional_20260910/tight/process_result.json,实际检验/实验记录，采用范围见核验说明
07_数值检验与实验/历史结果/time_accuracy/Q1_N20_driver_functional_20260910/tight/summary.json,3412,122f0b9b04c4644e5bc9338ed157ef20c77f99a228745d04f8ec229cc8219d48,paper_output/results/time_accuracy/Q1_N20_driver_functional_20260910/tight/summary.json,实际检验/实验记录，采用范围见核验说明
07_数值检验与实验/历史结果/time_accuracy/Q1_N20_driver_functional_20260910/tight/worker_started.json,75,696ab4852edefeb71bf020f31ae830a1daf4ac3be840f603546c2998d91f5b72,paper_output/results/time_accuracy/Q1_N20_driver_functional_20260910/tight/worker_started.json,实际检验/实验记录，采用范围见核验说明
07_数值检验与实验/历史结果/time_accuracy/Q1_N20_driver_functional_20260910/tight/worker_success.json,7721,539a731e2a055f1fa4eeaab095edb8624d744f76752672b4a8e9283ffb2e3f0b,paper_output/results/time_accuracy/Q1_N20_driver_functional_20260910/tight/worker_success.json,实际检验/实验记录，采用范围见核验说明
07_数值检验与实验/历史结果/time_accuracy/Q1_N20_driver_functional_20260910/time_accuracy_report.json,20202,d26304bde8a1c8a871a8d91cf791f38195c7f847f0109e4008aa72ef64346b42,paper_output/results/time_accuracy/Q1_N20_driver_functional_20260910/time_accuracy_report.json,实际检验/实验记录，采用范围见核验说明
07_数值检验与实验/数值检验说明.md,2268,243b1b94ff83bbc67dc676089f2b430caf7d290a151321c45972fe5f5d54b019,见所属目录来源清单或为本次新编说明,资料、程序或说明，详见目录索引
07_数值检验与实验/本次整理核验/code_package_audit.json,2976,a1558d14513bcdb8b322a232bf0937ffece82a31d87ccb915bf78cbe9149666f,paper_output/qa/support_materials_20260913/code_validation/code_package_audit.json,本次实际材料、代码或披露核验；详情及限制见报告
07_数值检验与实验/本次整理核验/final_audit.json,2135,e1fb88dfef7770ff08eedc16f2390095ba5fbb7660bb310e1a2a9e52a39fca45,paper_output/qa/support_materials_20260913/ai_disclosure/final_audit.json,本次实际材料、代码或披露核验；详情及限制见报告
07_数值检验与实验/本次整理核验/independent_package_review.json,36465,e88e72c0f2280b2edf4cdc1dd3ceb2879984a6f270ab15089fb2803b62173d62,paper_output/qa/support_materials_20260913/reference_audit/independent_package_review.json,本次实际材料、代码或披露核验；详情及限制见报告
07_数值检验与实验/本次整理核验/r_portability_audit.json,956,c6b6f1428894e9bfa8f51c15e3eabf715a71bce10e1ed836d634ebd69cdf319c,paper_output/qa/support_materials_20260913/r_portability_audit.json,本次实际材料、代码或披露核验；详情及限制见报告
07_数值检验与实验/本次整理核验/reference_package_audit.json,3555,5802e6f300777a304c4b2df29a8cc8c6220c05484afcfb012507238514e2b8e6,paper_output/qa/support_materials_20260913/reference_audit/reference_package_audit.json,本次实际材料、代码或披露核验；详情及限制见报告
AI工具使用详情.pdf,114642,d996b6aab3be25fe000d2e0f6572c43a6c47d59212d4451e5dc2f96e32010b7a,见所属目录来源清单或为本次新编说明,资料、程序或说明，详见目录索引
